title,author,year_approx,period,literary_movement,register,rhetorical_genre,discursive_structure,discourse_type,narrative_level,diegetic_mimetic,focalization,person,deictic_orientation,addressee_type,deictic_object,temporal_orientation,temporal_structure,tradition,mode,genre,stanza_structure,meter,rhyme
Beowulf (lines 1-100),Anonymous,1000,Anglo-Saxon,,Epic,Epideictic,Linear,Exposition,Third person,Mimetic,Omniscient,,Anaphoric,Implied,The audience,Past,Chronological,Oral,Narrative,Epic Poetry,Nan,Alliterative,Nan
Beowulf (Grendel's attack),Anonymous,1000,Anglo-Saxon,,Epic,Epideictic,Chronological,Exposition,Third person omniscient,Mimetic,External,,Anaphoric,Indirect,Grendel's mother's dwelling,Past,Linear,Oral,Narrative,Epic poetry,Nan,Alliterative,Nan
Beowulf (Beowulf vs. Grendel),Anonymous,1000,Anglo-Saxon,,Epic,Epideictic,Linear,Exposition,Third person omniscient,Mimetic,External,Third person,Anaphoric,Implied,,Past,Chronological,Oral,Narrative,Epic,,Unknown,Unknown
Beowulf (Beowulf's funeral),Anonymous,1000,Anglo-Saxon,,Epic,Epideictic,,Exposition,Third person,Mimetic,External,,Past,General,,Past,Chronological,Old English,Narrative,Epic Poetry,,Alliterative,
The Wanderer,Anonymous,975,Anglo-Saxon,,Epic,Epideictic,,Expository,Third person,Mimetic,Omniscient,,Anaphoric,Imaginary,,Past,Chronological,Anglo-Saxon,Narrative,Epic Poetry,Quatrains,Dactylic hexameter,AABBCCB
The Seafarer,Anonymous,990,Anglo-Saxon,,Formal,Epideictic,,,,,,,,,,Past,,Old English,Lyric,Epic,Quatrains,Alliterative,A-B-A-B
The Wife's Lament,Anonymous,950,Anglo-Saxon,,Lamenting,Epideictic,,,,,,Female,,,,Past,Sequential,Old English,Narrative,Lyric,Quatrains,Dactylic hexameter,AABBCC
The Husband's Message,Anonymous,950,Anglo-Saxon,,Formal,Deliberative,Monologue,Expository,Third person,Extradiegetic,Omniscient,,Anaphoric,Indirect,,Past,Linear,Anglo-Saxon,Narrative,Lyric,Quatrains,Dactylic hexameter,AABB
The Ruin,Anonymous,950,Anglo-Saxon,,Descriptive,Epideictic,,Expository,,Mimetic,External,,External,General,,Past,Chronological,Old English,Lyric,Lyric,Quatrains,Dactylic hexameter,AABBCC
Deor,Anonymous,950,Old English,,,,,,,,,,,,,past,,Anglo-Saxon,Lyric,,,,
Wulf and Eadwacer,Anonymous,950,Anglo-Saxon,,,,,,,,,,,,,past,,Old English Poetry,Lyric,,,,
The Dream of the Rood,Anonymous,950,Anglo-Saxon,,Religious,Deliberative,,Expository,Third person omniscient,Mimetic,Omniscient,,Anaphoric,God,The Rood,Historical,Chronological,Anglo-Saxon Poetic Tradition,Narrative,Religious Poetry,,Alliterative,A-B-A-B
Caedmon's Hymn,Caedmon,680,Anglo-Saxon,Anglo-Saxon Poetry,Hymnic,Epideictic,Descriptive,Expository,Nan,Non-diegetic,Omniscient,Nan,Non-deictic,Divine,Nan,Past,Linear,Anglo-Saxon Oral Tradition,Narrative,Religious,Quatrains,Dactylic hexameter,AABBCCB
The Battle of Maldon,Anonymous,991,Anglo-Saxon,,Epic,Epideictic,,,Extradiegetic,Mimetic,Omniscient,,Anaphoric,Community,Battle of Maldon,Past,Chronological,Anglo-Saxon Poetry,Narrative,Epic Poetry,,Anapestic,AABBCCB
The Phoenix,Anonymous,975,Anglo-Saxon,,Epic,Epideictic,,Expository,Third person omniscient,Mimetic,Omniscient,,Anaphoric,Indirect,The Phoenix,Past,Chronological,Classical,Narrative,Epic Poetry,Quatrains,Iambic pentameter,AABB
The General Prologue,Geoffrey Chaucer,1387,Middle English,,Formal,Epideictic,,Expository,Extradiegetic,Mimetic,Omniscient,,Anaphoric,Indirect,,Past,Chronological,British,Narrative,Epic,Quatrains,Iambic pentameter,AABB
The Knight's Tale,Geoffrey Chaucer,1387,Middle English,Middle English Literature,Formal,Epideictic,Descriptive,Expository,Third person omniscient,Mimetic,Omniscient,,Anaphoric,Implied,,Past,Chronological,Canterbury Tales,Narrative,Fabliau,Quatrains,Iambic pentameter,AABBCC
The Miller's Tale,Geoffrey Chaucer,1387,Middle English,,,,,,Extradiegetic,Mimetic,Omniscient,,,,,Past,Chronological,Canterbury Tales,Narrative,Fabliau,,,AABBCC
The Wife of Bath's Prologue,Geoffrey Chaucer,1387,Middle English,,,,Monologue,First-person narrative,Extradiegetic,Extradiegetic,First-person,Female,Second person,Reader,,Past,Flashback,Canterbury Tales,Narrative,Fabliau,Irregular,,AABBCC
The Wife of Bath's Tale,Geoffrey Chaucer,1387,Middle English,Middle English Literature,Narrative,Deliberative,Framed narrative,Oral,Third person,Exterior,Omniscient,Third person,Extradiegetic,Indirect,The Wife of Bath,Past,Linear,Canterbury Tales,Narrative,Fabliau,Irregular,Iambic pentameter,AABBCC
The Pardoner's Tale,Geoffrey Chaucer,1387,Middle English,,Formal,Deliberative,,,Extradiegetic,Mimetic,Omniscient,,Anaphoric,Indirect,,Past,Chronological,Canterbury Tales,Narrative,Fable,,Iambic pentameter,AABBCC
The Nun's Priest's Tale,Geoffrey Chaucer,1387,Middle English,,,,Frame narrative,,Extradiegetic,Realistic,Omniscient,,,,,Past,Chronological,Canterbury Tales,Narrative,Fabliau,Irregular,Iambic pentameter,AABBCCRhyme scheme
Troilus and Criseyde (Book I),Geoffrey Chaucer,1385,Middle English,Middle English Literature,Formal,Epideictic,Exposition,Fictional Narrative,Third Person Omniscient,Mimetic,Omniscient,,Anaphoric,Implied,,Past,Chronological,Canterbury Tales,Narrative,Epic,Quatrains,Iambic pentameter,AABB
Troilus and Criseyde (Book V),Geoffrey Chaucer,1385,Middle English,Middle English Literature,Formal,Epideictic,Linear,Expository,Third person omniscient,Mimetic,Omniscient,,Anaphoric,Implied,The story of Troilus and Criseyde,Past,Chronological,Canterbury Tales,Narrative,Romance,Nan,Iambic pentameter,AABBCC
The Parliament of Fowls,Geoffrey Chaucer,1382,Middle English,Middle English Literature,Formal,Epideictic,Narrative,Expository,Third person omniscient,Extradiegetic,Omniscient,,Third person,General,,Past,Sequential,Canterbury Tales,Narrative,Poetry,Five-line stanzas with a rhyme scheme of ABAAB,Iambic pentameter,A rhyming poem
The Book of the Duchess,Geoffrey Chaucer,1369,Middle English,Middle English Literature,Formal,Epideictic,Framed narrative,Poetic,Exterior,Mimetic,Third person omniscient,,Anaphoric,Implied,,Past,Linear,Canterbury Tales,Narrative,Allegory,Quatrains,Iambic pentameter,AABB
Sir Gawain and the Green Knight (Fitt I),Pearl Poet,1375,Middle English,,Formal,Epideictic,,,Extradiegetic,Mimetic,Omniscient,,,,,Past,Chronological,Arthurian Legend,Narrative,Epic,Quatrains,Iambic pentameter,ABAB
Sir Gawain and the Green Knight (Fitt II),Pearl Poet,1375,Middle English,,Formal,Epideictic,,Exposition,Third person omniscient,Mimetic,Omniscient,,Third person,Implied,,Past,Chronological,Arthurian,Narrative,Epic,Quatrains,Iambic pentameter,ABAB
Sir Gawain and the Green Knight (Fitt IV),Pearl Poet,1375,Middle English,Middle English Alliterative Poetry,Formal,Epideictic,Monologue,Explicit,Third person,Mimetic,Omniscient,Third person,External,Implied,The Green Knight,Past,Linear,Arthurian Legend,Narrative,Epic,Quatrains,Iambic pentameter,AABB
Pearl,Pearl Poet,1375,Middle English,Middle English Literature,Formal,Epideictic,Paradigmatic,Poetic,Extradiegetic,Non-diegetic,Third person omniscient,,Anaphoric,Implied,Pearl,Past,Linear,Middle English Alliterative Poetry,Lyric,Allegory,Quatrains,Alliterative,AABB
Piers Plowman (Prologue),William Langland,1370,Middle English,Middle English Alliterative Poetry,Formal,Deliberative,Monologue,First person,Extradiegetic,External,Omniscient,First person (narrator),Anaphoric,Implied,The reader,Past,Flashback,Middle English Literature,Narrative,Allegory,Four-line stanzas with a rhyme scheme of AABB,Iambic pentameter,A rhyming poem
Piers Plowman (Passus I),William Langland,1370,Middle English,Middle English Alliterative Poetry,Didactic,Deliberative,Monologue,First person,Extradiegetic,External,Third person (omniscient),Narrator,Anaphoric,General,,Past,Linear,Middle English Literature,Narrative,Allegory,Quatrains,Iambic pentameter with alliteration,AABB
Piers Plowman (Passus XVIII),William Langland,1370,Middle English,Middle English Alliterative,Didactic,Deliberative,Monologue,Narrative,Third person omniscient,Extradiegetic,Omniscient,,Anaphoric,General,,Past,Linear,Middle English Literature,Narrative,Allegory,Four-line stanzas with a rhyme scheme of AABB,Iambic pentameter,A rhyming poem
The Second Shepherds' Play,Wakefield Master,1475,Middle English,,,,Drama,Social commentary,Extradiegetic,Mimetic,Omniscient,,Intradiegetic,Live audience,,Past,Linear,Middle English,Narrative,Comedy,Five-line stanzas,Iambic pentameter,AABBCC
Everyman,Anonymous,1495,Middle English,,Formal,Deliberative,Expository,Monologue,Third person omniscient,Extradiegetic,Omniscient,,Anaphoric,General,,Past,Chronological,Middle English,Narrative,Allegory,Quatrains,Iambic pentameter,AABB
Sumer Is Icumen In,Anonymous,1260,Middle English,,,,stanzaic,lyrical,,Mimetic,third person,,present,general,sumer,present,annual,,Lyric,,quatrain,trochaic tetrameter,AABB
Alison,Anonymous,1300,Middle English,,Formal,Epideictic,,Expository,,Mimetic,Third person omniscient,,Anaphoric,Indirect,,Past,Chronological,Middle English,Lyric,Lyric,Quatrains,Iambic pentameter,AABB
The Cuckoo Song,Anonymous,1250,Middle English,,Folksy,Epideictic,,Expository,,Mimetic,Third person,,Second person,Community,The cuckoo bird,Present,Single moment,Oral tradition,Lyric,Nursery rhyme,Quatrains,Anapestic tetrameter,AABB
I Sing of a Maiden,Anonymous,1400,Middle English,,Formal,Epideictic,,Expository,,Mimetic,Third person omniscient,,Anaphoric,General,,Past,Sequential,Middle English,Lyric,Lyric,Quatrains,Iambic pentameter,AABB
Adam Lay Ybounden,Anonymous,1400,Middle English,,Formal,Deliberative,Strophic,Poetic,,Non-diegetic,Omniscient,,Anaphoric,God,,Anachronic,A-temporal,Middle English,Narrative,Religious,Quatrains,Iambic pentameter,AABB
They Flee from Me,Thomas Wyatt,1557,Elizabethan,Renaissance,Formal,Epideictic,Descriptive,Poetic,Extradiegetic,,Third person,First person (speaker),Second person,Imaginary,Nature,Present,Static,English poetry,Lyric,Sonnet,Three quatrains and a couplet,Iambic pentameter,ABABCDCDEFEFGG
"My Lute, Awake!",Thomas Wyatt,1557,Tudor,Renaissance,Imperative,Epideictic,Monologue,Poetic,,,,,,,,Present,Static,English Poetry,Lyric,Song,Quatrains,Iambic pentameter,AABB
Blame Not My Lute,Thomas Wyatt,1557,Tudor,Renaissance,Formal,Epideictic,Monologue,Poetic,Extradiegetic,,First person,Speaker,First person,Implied,Lute,Present,Static,English poetry,Lyric,Song,Quatrains,Iambic pentameter,ABAB
Forget Not Yet,Thomas Wyatt,1557,Tudor,Renaissance,Formal,Deliberative,Monologue,Poetic,First person,Non-diegetic,First person internal,Speaker,Second person,Beloved,You,Present,Static,English poetry,Lyric,Love poetry,Quatrains,Iambic pentameter,ABAB
Stand Whoso List,Thomas Wyatt,1557,Elizabethan,Renaissance,Formal,Deliberative,Monologue,Poetic,Extradiegetic,,First person,Speaker,Second person,Imaginary,You,Present,Static,English lyric tradition,Lyric,Love poetry,Quatrains,Iambic pentameter,ABAB
The Long Love,Thomas Wyatt,1557,Elizabethan,Renaissance,Courtesan,Deliberative,Letter,Formal,First person,Mimetic,First person,Speaker,Second person,Beloved,You,Present,Sequential,English poetry,Lyric,Love poetry,Quatrains,Iambic pentameter,AABB
Description of Spring,"Henry Howard, Earl of Surrey",1547,Renaissance,Elizabethan,Descriptive,Epideictic,Expository,Prose,Extradiegetic,Mimetic,Third person omniscient,,Extralocative,Implied,Spring,Past,Sequential,English poetry,Lyric,Lyric,Quatrains,Iambic pentameter,AABB
"Alas, So All Things Now Do Hold Their Peace","Henry Howard, Earl of Surrey",1547,Tudor,Renaissance,Formal,Epideictic,Descriptive,Poetic,Extradiegetic,Non-diegetic,Third person omniscient,,Second person,God,,Present,Static,English poetic tradition,Lyric,Religious poetry,Quatrains,Iambic pentameter,AABB
The Soote Season,"Henry Howard, Earl of Surrey",1547,Tudor,Renaissance,Formal,Epideictic,Paragraphic,Expository,Third person,Mimetic,External,Third person,Objective,General,Nature,Past,Chronological,English poetry,Lyric,Lyric,Quatrains,Iambic pentameter,AABB
Love That Doth Reign,"Henry Howard, Earl of Surrey",1547,Tudor,Renaissance,Formal,Epideictic,Descriptive,Poetic,Extradiegetic,,Third person,,,General,,Present,Static,English Literary Tradition,Lyric,Lyric,Quatrains,Iambic pentameter,ABAB
"Give Place, Ye Lovers","Henry Howard, Earl of Surrey",1547,Tudor,Renaissance,Formal,Epideictic,Descriptive,Poetic,Zero,Non-diegetic,Third person,,Static,General,,Past,Simple,English Literary Tradition,Lyric,Love Poem,Quatrains,Iambic pentameter,AABB
Astrophil and Stella 1,Philip Sidney,1591,Elizabethan,Renaissance,Courtly,Deliberative,Monologue,Poetic,First person,Explicit,First person internal,First person singular,First person,Love object,Stella,Present,Static,Sonnet tradition,Lyric,Love poetry,Sonnet form,Iambic pentameter,ABAB CDCD EFEF GG
Astrophil and Stella 31,Philip Sidney,1591,Elizabethan,Renaissance,Courtly,Deliberative,Letter,Persuasive,Explicit,Mimetic,First person,Speaker,Second person,Beloved,Stella,Present,Sequential,Sonnet tradition,Lyric,Love poetry,Sonnet form,Iambic pentameter,ABAB CDCD EFEF GG
Astrophil and Stella 71,Philip Sidney,1591,Elizabethan,Renaissance,Courtly,Deliberative,Argumentative,Persuasive,Explicit,Mimetic,First person,Speaker,Second person,Beloved,Stella,Present,Sequential,Sonnet,Lyric,Love poetry,Sonnet form,Iambic pentameter,ABAB CDCD EFEF GG
"Leave Me, O Love",Philip Sidney,1598,Elizabethan,Renaissance,Formal,Epideictic,Monologue,Poetic,,Non-diegetic,First person,Speaker,First person,Love,Love,Present,Static,English literary tradition,Lyric,Love poetry,Sonnet,Iambic pentameter,ABABCDCDEFEFGG
"The Faerie Queene (Book I, Canto I)",Edmund Spenser,1590,Elizabethan,,,,,,,,,,,,,,,,Narrative,,,,
"The Faerie Queene (Book III, Canto VI)",Edmund Spenser,1590,Elizabethan,Renaissance,Formal,Epideictic,Narrative,Expository,Third person omniscient,Mimetic,Omniscient,Third person,External,Implied,The Faerie Queene,Past,Chronological,Arthurian,Narrative,Epic,Quatrains,Iambic pentameter,ABAB
Amoretti 1,Edmund Spenser,1595,Elizabethan,Renaissance,Courtly,Epideictic,Sonnet,Lyrical,Explicit,Non-diegetic,First person,Speaker,First person,Beloved,You,Present,Static,Sonnet tradition,Lyric,Love poetry,Three quatrains and a couplet,Iambic pentameter,ABAB CDCD EFEF GG
Amoretti 54,Edmund Spenser,1595,Elizabethan,Renaissance,Love poetry,Epideictic,Sonnet sequence,Poetic,Explicit,Non-diegetic,First person,Speaker,First person,Beloved,You,Past,Flashback,English sonnet tradition,Lyric,Love poetry,Three quatrains and a couplet,Iambic pentameter,ABAB CDCD EFEF GG
Amoretti 75: One Day I Wrote Her Name,Edmund Spenser,1595,Elizabethan,Renaissance,Admiring,Epideictic,Descriptive,Poetic,,,,First person singular,,Beloved,,Past,Sequential,,Lyric,Sonnet,Three quatrains and a couplet,Iambic pentameter,ABABBCDCDEFEFGG
Prothalamion,Edmund Spenser,1596,Elizabethan,Renaissance,Formal,Epideictic,Descriptive,Expository,Extradiegetic,,Third person omniscient,,Static,General,,Past,Chronological,English literary tradition,Narrative,Poetic,Sonnet,Iambic pentameter,ABAB CDCD EFEF GG
The Nymph's Reply to the Shepherd,Walter Raleigh,1600,Elizabethan,Renaissance,Formal,Deliberative,Letter,Fictional,Extradiegetic,Mimetic,Third person external,Nymph,Second person,Shepherd,This wood,Past,Flashback,English literary tradition,Lyric,Love poetry,Quatrains,Iambic pentameter,ABAB
The Lie,Walter Raleigh,1608,Elizabethan,,Formal,Epideictic,,,,,,,,,,,,,Lyric,,Quatrains,Iambic pentameter,AABB
As You Came from the Holy Land,Walter Raleigh,1600,Elizabethan,,Admiring,Epideictic,,,,,,,,,,,,,Lyric,,Quatrains,Iambic pentameter,AABB
What Is Our Life?,Walter Raleigh,1612,Elizabethan,,Meditative,Epideictic,,,,,,,,,,,,,Lyric,Religious,Quatrains,Iambic pentameter,AABB
Hero and Leander,Christopher Marlowe,1598,Elizabethan,Elizabethan Drama,Elevated,Epideictic,Monologue,Narrative,Third person,Mimetic,External,Third person omniscient,Extradiegetic,General,,Past,Linear,Classical,Narrative,Epic Poem,Quatrains,Iambic pentameter,AABBCC
Come Live with Me,Christopher Marlowe,1599,Elizabethan,Elizabethan,Inviting,Deliberative,Monologue,Expository,Zero,Non-diegetic,First person,Speaker,Second person,Audience,You,Present,Static,English Renaissance,Lyric,Love poetry,Quatrains,Iambic pentameter,ABAB
Sonnet 1: From fairest creatures,William Shakespeare,1609,Elizabethan,Renaissance,Admiring,Epideictic,Three quatrains and a couplet,Poetic,,"Non-diegetic, non-mimetic","Third person, external",,Second person,Reader,,Present,Static,English sonnet tradition,Lyric,Lyric poetry,Three quatrains and a couplet,Iambic pentameter,ABABCDCDEFEFGG
Sonnet 12: When I do count the clock,William Shakespeare,1609,Elizabethan,Renaissance,Formal,Deliberative,Three quatrains and a couplet,Monologue,First person,Non-diegetic,First person internal,First person singular,Present,Imaginary,Clock,Present,Static,English sonnet tradition,Lyric,Sonnet,Three quatrains and a couplet,Iambic pentameter,ABABCDCDEFEFGG
Sonnet 20: A woman's face,William Shakespeare,1609,Elizabethan,Renaissance,Admiring,Epideictic,Three quatrains followed by a couplet,Poetic,Extradiegetic,,Third person,Speaker,,Implied,,Present,Static,English sonnet tradition,Lyric,Sonnet,Three quatrains and a couplet,Iambic pentameter,ABABCDCDEFEFGG
Sonnet 29: When in disgrace,William Shakespeare,1609,Elizabethan,Renaissance,Admiring,Epideictic,Three quatrains and a couplet,Poetic,,Non-diegetic,First person,Speaker,First person,Implied,,Present,Static,English sonnet tradition,Lyric,Sonnet,Three quatrains and a couplet,Iambic pentameter,ABAB CDCD EFEF GG
Sonnet 30: When to the sessions,William Shakespeare,1609,Elizabethan,Renaissance,Admiring,Epideictic,Three quatrains and a couplet,Poetic,,,,First person,,Imaginary,,Present,Static,English sonnet tradition,Lyric,Sonnet,Three quatrains and a couplet,Iambic pentameter,ABABCDCDEFEFGG
Sonnet 55: Not marble,William Shakespeare,1609,Elizabethan,Renaissance,Formal,Epideictic,Three quatrains followed by a concluding couplet,Lyrical,Extradiegetic,,First person,Speaker,Second person,Imaginary,Not marble,Present,Static,English sonnet tradition,Lyric,Lyric poetry,Three quatrains and a concluding couplet,Iambic pentameter,ABABCDCDEFEFGG
Sonnet 60: Like as the waves,William Shakespeare,1609,Elizabethan,Renaissance,Formal,Epideictic,Three quatrains followed by a couplet,Poetic,Extradiegetic,,Third person,,,General,,Present,Static,English sonnet tradition,Lyric,Lyric poetry,Three quatrains and a couplet,Iambic pentameter,ABAB CDCD EFEF GG
Sonnet 65: Since brass,William Shakespeare,1609,Elizabethan,Renaissance,Formal,Epideictic,Three quatrains followed by a couplet,Poetic,,,,,,Imaginary,,Reflective,Flashback,English sonnet tradition,Lyric,Sonnet,Three quatrains and a couplet,Iambic pentameter,ABABCDCDEFEFGG
Sonnet 73: That time of year,William Shakespeare,1609,Elizabethan,Renaissance,Admiring,Epideictic,Three quatrains and a couplet,Poetic,,,,,,Imaginary,,Reflective,Flashback,English sonnet tradition,Lyric,Sonnet,Three quatrains and a couplet,Iambic pentameter,ABABCDCDEFEFGG
Sonnet 94: They that have power,William Shakespeare,1609,Elizabethan,Renaissance,Formal,Epideictic,Three quatrains and a couplet,Poetic,Zero,Non-diegetic,Third person,,Static,Imaginary,,Timeless,Fixed,English sonnet tradition,Lyric,Sonnet,Three quatrains and a couplet,Iambic pentameter,ABABCDCDEFEFGG
Sonnet 106: When in the chronicle,William Shakespeare,1609,Elizabethan,Renaissance,Formal,Epideictic,Three quatrains and a couplet,Poetic,Extradiegetic,Non-diegetic,Third person,,Anaphoric,Implied,,Past,Sequential,English sonnet tradition,Lyric,Sonnet,Three quatrains and a couplet,Iambic pentameter,ABAB CDCD EFEF GG
Sonnet 116: Let me not,William Shakespeare,1609,Elizabethan,Renaissance,Romantic,Epideictic,Three quatrains and a couplet,Poetic,,Non-diegetic,First person,Speaker,Second person,Beloved,This poem,Present,Static,English sonnet tradition,Lyric,Love poetry,Three quatrains and a couplet,Iambic pentameter,ABABCDCDEFEFGG
Sonnet 126: O thou my lovely boy,William Shakespeare,1609,Elizabethan,Renaissance,Admiring,Epideictic,Three quatrains and a couplet,Poetic,,,,,,Second person singular,,Present,Static,English sonnet tradition,Lyric,Sonnet,Three quatrains and a couplet,Iambic pentameter,ABABCDCDEFEFGG
Sonnet 129: Th' expense of spirit,William Shakespeare,1609,Elizabethan,Renaissance,Admiring,Epideictic,Three quatrains and a couplet,Poetic,,,,,,,,,,English Sonnet Tradition,Lyric,Sonnet,Three quatrains and a couplet,Iambic pentameter,ABABCDCDEFEFGG
Sonnet 130: My mistress' eyes,William Shakespeare,1609,Elizabethan,Renaissance,Admiring,Epideictic,Descriptive,Poetic,,,,,,,,,,English Sonnet Tradition,Lyric,Sonnet,Three quatrains and a couplet,Iambic pentameter,ABABCDCDEFEFGG
Sonnet 138: When my love swears,William Shakespeare,1609,Elizabethan,Renaissance,Romantic,Epideictic,Three quatrains and a couplet,Poetic,,,,,,Beloved,,Present,Static,English Sonnet Tradition,Lyric,Sonnet,Three quatrains and a couplet,Iambic pentameter,ABABCDCDEFEFGG
Sonnet 144: Two loves I have,William Shakespeare,1609,Elizabethan,Renaissance,Admiring,Epideictic,"Three quatrains, one couplet",Poetic,,,,First person singular,,Implied,,Present,Static,English sonnet tradition,Lyric,Sonnet,"Three quatrains, one couplet",Iambic pentameter,ABABCDCDEFEFGG
Sonnet 146: Poor soul,William Shakespeare,1609,Elizabethan,Renaissance,Admiring,Epideictic,Three quatrains followed by a couplet,Poetic,,Non-diegetic,Third person,,Second person,General,,Present,Static,English sonnet tradition,Lyric,Sonnet,Three quatrains and a couplet,Iambic pentameter,ABABCDCDEFEFGG
A Hymn to God the Father,John Donne,1633,Caroline,Metaphysical Poets,Formal,Epideictic,Monologue,Expository,Zero,Non-diegetic,First person (narrator),Speaker (narrator),Second person (God),Deity,God,Present,Static,Christian,Lyric,Religious,Quatrains,Iambic pentameter,AABB
Holy Sonnet 1: Thou hast made me,John Donne,1633,Caroline,Metaphysical Poets,Formal,Epideictic,Unified,Poetic,First person,Non-diegetic,First person internal,Speaker,First person,God,Thou,Present,Static,English poetry,Lyric,Religious poetry,"Four quatrains, one couplet",Iambic pentameter,"AABB, CC, DD, EE, FF"
Holy Sonnet 6: This is my play's last scene,John Donne,1633,Caroline,Metaphysical Poets,Devotional,Epideictic,Monologue,Poetic,First person,Non-diegetic,First person internal,Speaker,First person,God,Self,Present,Single moment,English poetry,Lyric,Religious poetry,Four quatrains and a couplet,Iambic pentameter,"AABB, CDCD, EE, FF"
Holy Sonnet 7: At the round earth's,John Donne,1633,Caroline,Metaphysical Poets,Formal,Epideictic,Unified,Poetic,Zero,Non-diegetic,First person,Speaker,Extradiegetic,Implied,Round earth,Present,Static,English Literary Tradition,Lyric,Sonnet,"Three quatrains, a couplet",Iambic pentameter,ABAB CDCD EFEF GG
Holy Sonnet 10: Death Be Not Proud,John Donne,1633,Caroline,Metaphysical Poets,Admonitory,Epideictic,Monologue,Expository,First person,Non-diegetic,First person internal,Speaker,Second person,God,Death,Present,Static,English poetry,Lyric,Religious,Four quatrains and a couplet,Iambic pentameter,AABB CCFF EE
Holy Sonnet 14: Batter my heart,John Donne,1633,Caroline,Metaphysical Poets,Impassioned,Epideictic,Monologue,Poetic,First Person,Non-diegetic,First Person Internal,Speaker,First Person,God,Heart,Present,Static,English Poetry,Lyric,Religious Poetry,Four Quatrains and a Couplet,Iambic Pentameter,ABCBDEDEFC
"Holy Sonnet 19: Oh, to vex me",John Donne,1633,Caroline,Metaphysical Poets,Meditative,Epideictic,Argumentative,Expository,First person,Non-diegetic,First person internal,Speaker,First person,God,Self,Present,Static,English poetry,Lyric,Sonnet,Three quatrains and a couplet,Iambic pentameter,ABBABCDECDE
"A Hymn to God My God, in My Sickness",John Donne,1635,Caroline,Metaphysical Poets,Devotional,Epideictic,Monologue,Formal,First Person,Non-diegetic,First Person,Speaker,First Person,Divine,God,Present,Static,English Literary Tradition,Lyric,Religious Poetry,Quatrains,Iambic pentameter,AABB
Song: Go and Catch a Falling Star,John Donne,1633,Caroline,Metaphysical Poetry,Erotic,Deliberative,Monologue,Poetic,First person,Non-diegetic,First person internal,Speaker,Second person,Imaginary,Star,Present,Static,English Literary Tradition,Lyric,Love Poem,Quatrains,Iambic pentameter,AABB
Woman's Constancy,John Donne,1633,Caroline,Metaphysical Poets,Admiring,Epideictic,Analogical,Expository,,,,,,,,,,,Lyric,Love Poem,Quatrains,Iambic pentameter,AABB
The Apparition,John Donne,1633,Caroline,Metaphysical Poets,Intimate,Epideictic,Descriptive,Poetic,,,,First person singular,,Imaginary,,Past,Flashback,English Literary Tradition,Lyric,Ghost Story,Quatrains,Iambic pentameter,AABB
A Nocturnal upon St. Lucy's Day,John Donne,1633,Caroline,Metaphysical Poets,Meditative,Epideictic,Analogical,Expository,First person,,First person internal,Speaker,Third person,Implied,Lucy,Past,Flashback,English Literary Tradition,Lyric,Religious,Quatrains,Iambic pentameter,AABB
To the Countess of Bedford,John Donne,1633,Caroline,Metaphysical Poets,Formal,Deliberative,Argumentative,Persuasive,Extradiegetic,,Third person external,,,Real,,Past,Chronological,English Literature,Lyric,Love Poem,Quatrains,Iambic pentameter,AABB
An Anatomy of the World,John Donne,1611,Jacobean,Metaphysical Poets,Metaphysical,Epideictic,Analogy,Poetic,Extradiegetic,,First person,Speaker,Second person,God,World,Timeless,A-temporal,English Literature,Lyric,Religious Poetry,Quatrains,Iambic pentameter,AABB
Volpone (To My Book),Ben Jonson,1607,Elizabethan,Elizabethan Drama,Formal,Epideictic,Monologue,Expository,Zero,Non-diegetic,First person,Speaker,First person,Book,My book,Present,Static,English Literary Tradition,Dramatic,Satire,Irregular,Iambic pentameter,AABBCC
To John Donne,Ben Jonson,1616,Jacobean,Elizabethan,Formal,Deliberative,Expository,Persuasive,Extradiegetic,,Third person external,,,Real,,Past,Chronological,English poetry,Narrative,Lyric poetry,Quatrains,Iambic pentameter,AABB
Inviting a Friend to Supper,Ben Jonson,1616,Jacobean,Elizabethan,Formal,Deliberative,Monologue,Expository,Extradiegetic,,First person,Speaker,First person,Second person,Friend,Present,Synchronous,English Literature,Narrative,Poetry,Quatrains,Iambic pentameter,AABB
An Ode to Himself,Ben Jonson,1640,Caroline,Renaissance,Elevated,Epideictic,Monologue,Poetic,Extradiegetic,,First person,Singular,First person,God,Himself,Present,Static,English Literary Tradition,Lyric,Ode,Quatrains,Iambic pentameter,AABB
A Pindaric Ode,Ben Jonson,1629,Caroline,Classical Revival,Formal,Epideictic,Monologue,Poetic,Extradiegetic,,Third person (omniscient),,,General,,Past,Linear,English Literary Tradition,Narrative,Ode,Irregular,Iambic pentameter,AABBCCDD
The Salve Deus Rex Judaeorum,Aemilia Lanyer,1611,Elizabethan,,Formal,Epideictic,,,,,,,,,,Past,,Metaphysical Poets,Lyric,Religious,Quatrains,Iambic pentameter,AABB
To the Virtuous Reader,Aemilia Lanyer,1611,Elizabethan,,Formal,Epideictic,,,,Extradiegetic,,First person,,General,,Past,Chronological,Metaphysical Poets,Lyric,Sonnet,Three quatrains and a couplet,Iambic pentameter,ABAB CDCD EFEF GG
"To the Virgins, to Make Much of Time",Robert Herrick,1648,Caroline,Metaphysical Poets,Admonitory,Deliberative,Argumentative,Prose-like,Extradiegetic,,Third person,Speaker,Second person,General,Time,Present,Linear,English Literary Tradition,Lyric,Ode,Quatrains,Iambic pentameter,AABB
Delight in Disorder,Robert Herrick,1648,Caroline,Metaphysical Poets,Celebratory,Epideictic,Descriptive,Expository,Zero,Non-diegetic,Third person omniscient,,Second person,General,Garden,Present,Static,English Literary Tradition,Lyric,Descriptive Poem,Quatrains,Iambic pentameter,AABB
Upon Julia's Clothes,Robert Herrick,1648,Caroline,Metaphysical Poets,Admiring,Epideictic,Descriptive,Expository,,,,,,,,Present,Static,British Literature,Lyric,Descriptive Poetry,Quatrains,Iambic pentameter,AABB
Corinna's Going A-Maying,Robert Herrick,1648,Caroline,Metaphysical Poets,Celebratory,Epideictic,Descriptive,Expository,Extern,Mimetic,Third person,,Present,Imaginary,Corinna,Past,Linear,English Literary Tradition,Lyric,Narrative Poem,Quatrains,Iambic pentameter,AABB
"The Night-Piece, to Julia",Robert Herrick,1648,Caroline,Metaphysical Poets,Admiring,Epideictic,Descriptive,Poetic,Extradiegetic,Non-diegetic,Third person,Narrator,Second person,Beloved,Night,Present,Static,English Literature,Lyric,Love Poem,Quatrains,Iambic pentameter,AABB
To Daffodils,Robert Herrick,1648,Caroline,Metaphysical Poets,Admiring,Epideictic,Descriptive,Poetic,Extradiegetic,Mimetic,First person,Speaker,First person,Imaginary,Daffodils,Present,Static,English Literary Tradition,Lyric,Descriptive Poetry,Quatrains,Iambic pentameter,AABB
The Argument of His Book,Robert Herrick,1648,Caroline,Metaphysical Poets,Formal,Epideictic,Analytical,Expository,Zero,Non-diegetic,Third person omniscient,,Second person,General,,Present,Static,British,Lyric,Satire,Quatrains,Iambic pentameter,AABB
Upon a Child That Died,Robert Herrick,1648,Caroline,Metaphysical Poets,Mournful,Epideictic,Descriptive,Expository,Extradiegetic,,Third person,,,General,,Past,Linear,English Literary Tradition,Lyric,Elegy,Quatrains,Iambic pentameter,AABB
Jordan (I),George Herbert,1633,Caroline,Metaphysical Poets,Religious,Deliberative,Monologue,Poetic,First person,Non-diegetic,First person internal,Speaker,First person,God,Jordan,Present,Static,Christian,Lyric,Religious poetry,Quatrains,Iambic pentameter,AABB
Jordan (II),George Herbert,1633,Caroline,Metaphysical Poets,Religious,Deliberative,Monologue,Expository,First person,Non-diegetic,First person internal,Speaker,First person,God,Jordan,Present,Static,Christian,Lyric,Religious poetry,Quatrains,Iambic pentameter,AABB
Affliction (I),George Herbert,1633,Caroline,Metaphysical Poets,Penitential,Epideictic,Monologue,Poetic,First person,Non-diegetic,First person internal,Speaker,First person,God,Self,Present,Static,Christian,Lyric,Religious,Quatrains,Iambic pentameter,AABB
The Windows,George Herbert,1633,Caroline,Metaphysical Poets,Meditative,Epideictic,Descriptive,Expository,Zero,Non-diegetic,Third person omniscient,,Second person,Reader,Windows,Present,Static,English Literary Tradition,Lyric,Descriptive Poetry,Quatrains,Iambic pentameter,AABB
Prayer (I),George Herbert,1633,Caroline,Metaphysical Poets,Formal,Deliberative,Monologue,Poetic,First person,Non-diegetic,First person internal,Speaker,First person,God,Thou,Present,Static,Christian,Lyric,Religious,Quatrains,Iambic pentameter,AABB
The Altar,George Herbert,1633,Caroline,Metaphysical Poets,Formal,Deliberative,Monologue,Poetic,Zero,Non-diegetic,First person,Speaker,First person,God,Altar,Present,Static,Christian,Lyric,Religious,Quatrains,Iambic pentameter,AABB
Redemption,George Herbert,1633,Caroline,Metaphysical Poets,Religious,Deliberative,Monologue,Poetic,Zero,Non-diegetic,First person,Speaker,First person,God,Self,Present,Static,Christian,Lyric,Religious poetry,Quatrains,Iambic pentameter,AABB
The Agony,George Herbert,1633,Caroline,Metaphysical Poets,Devotional,Epideictic,Descriptive,Expository,,,,,,Divine,,,,English Literary Tradition,Lyric,Religious Poetry,Quatrains,Iambic pentameter,AABB
The Triple Fool,John Donne,1633,Caroline,Metaphysical Poets,Satirical,Forensic,Argumentative,Poetic,Extradiegetic,,Third person,,,Impersonal,,Past,Chronological,English Literary Tradition,Lyric,Satire,Quatrains,Iambic pentameter,AABB
Twicknam Garden,John Donne,1633,Caroline,Metaphysical Poets,Amorous,Deliberative,Letter,Formal,First Person,Mimetic,First Person,Speaker,Second Person,Beloved,Garden,Present,Static,English Literary Tradition,Lyric,Love Poetry,Quatrains,Iambic pentameter,ABAB
Love's Alchemy,John Donne,1633,Caroline,Metaphysical Poetry,Elevated,Epideictic,Analogical,Expository,Zero,Non-diegetic,Third person,,Second person,General,,Present,Static,English Literary Tradition,Lyric,Love Poetry,Quatrains,Iambic pentameter,AABB
The Funeral,John Donne,1633,Caroline,Metaphysical Poets,Formal,Epideictic,Descriptive,Expository,Zero,Non-diegetic,Third person omniscient,,Second person,God,,Past,Linear,English Literary Tradition,Lyric,Religious Poetry,Quatrains,Iambic pentameter,AABB
The Blossom,John Donne,1633,Caroline,Metaphysical Poets,Erotic,Epideictic,Descriptive,Poetic,,,,,,,,Present,Static,English Literature,Lyric,Love Poem,Quatrains,Iambic pentameter,AABB
The Primrose,John Donne,1633,Caroline,Metaphysical Poets,Amorous,Epideictic,Descriptive,Poetic,Extradiegetic,,First person,Speaker,First person,Imaginary,Primrose,Present,Static,English Literature,Lyric,Love poetry,Quatrains,Iambic pentameter,AABB
L'Allegro,John Milton,1645,Caroline,Metaphysical Poets,Celebratory,Epideictic,Descriptive,Expository,Extradiegetic,,Third person omniscient,,Second person,Reader,Nature,Present,Static,English Literary Tradition,Lyric,Ode,Quatrains,Iambic pentameter,AABB
Il Penseroso,John Milton,1645,Caroline,Metaphysical Poets,Meditative,Epideictic,Monologue,Expository,First person,Non-diegetic,First person internal,First person singular,Static,Implied,Nature,Past,Flashback,English literary tradition,Lyric,Meditation,Quatrains,Iambic pentameter,AABB
Comus,John Milton,1637,Caroline,Metaphysical Poets,Formal,Deliberative,Argumentative,Expository,Extradiegetic,,Omniscient,Third person,,General,,Past,Chronological,English Literary Tradition,Narrative,Allegory,Sonnet,Iambic pentameter,ABABCDCDEFEFGG
On the Morning of Christ's Nativity,John Milton,1629,Caroline,Metaphysical Poets,Formal,Epideictic,Descriptive,Expository,Extradiegetic,,Omniscient,Third person,Static,General,Christ's birth,Past,Linear,Christian,Narrative,Religious Poetry,Quatrains,Iambic pentameter,AABB
The Wish,Abraham Cowley,1647,Caroline,Metaphysical Poets,Formal,Epideictic,Monologue,Expository,,,First person,Speaker,Second person,God,,Future,Progressive,English Literary Tradition,Lyric,Religious Poetry,Quatrains,Iambic pentameter,AABB
Of Myself,Abraham Cowley,1668,Restoration,Metaphysical Poets,Confessional,Epideictic,Monologue,Poetic,First person,Non-diegetic,First person internal,First person singular,Static,Implied,Self,Autobiographical,Chronological,English literary tradition,Lyric,Metaphysical poetry,Quatrains,Iambic pentameter,AABB
To the Royal Society,Abraham Cowley,1667,Restoration,Metaphysical Poets,Formal,Epideictic,Expository,Persuasive,Zero,Non-diegetic,Third Person Omniscient,Impersonal,Extradiegetic,General,,Present,Static,English Poetry,Lyric,Science Poetry,Quatrains,Iambic pentameter,AABB
The Grasshopper,Richard Lovelace,1649,Interregnum,Metaphysical Poets,Admiring,Epideictic,Descriptive,Expository,Extradiegetic,,Third person,,,General,,Present,Static,English Poetry,Lyric,Narrative Poem,Quatrains,Iambic pentameter,AABB
The Scrutiny,Richard Lovelace,1649,Interregnum,Metaphysical Poets,Formal,Epideictic,Descriptive,Expository,Extradiegetic,,Third person omniscient,,,General,,Past,Simple,English Literature,Lyric,Poetry,Quatrains,Iambic pentameter,AABB
A Rapture,Thomas Carew,1640,Caroline,Metaphysical Poets,Admiring,Epideictic,Descriptive,Poetic,Extradiegetic,Non-diegetic,Third person,,Second person,Imaginary,,Present,Static,English Literary Tradition,Lyric,Love Poem,Quatrains,Iambic pentameter,AABB
Ask Me No More,Thomas Carew,1640,Caroline,Metaphysical Poets,Admiring,Epideictic,Descriptive,Poetic,,,,,,,,,,,Lyric,Love poetry,Quatrains,Iambic pentameter,ABAB
To Saxham,Thomas Carew,1640,Caroline,Metaphysical Poets,Admiring,Epideictic,Descriptive,Expository,Extradiegetic,Non-diegetic,Third person external,,Second person,General,Saxham,Present,Static,English Literary Tradition,Lyric,Descriptive Poetry,Quatrains,Iambic pentameter,AABB
The Flaming Heart,Richard Crashaw,1652,Baroque,Metaphysical Poets,Devotional,Epideictic,Descriptive,Expository,,,,,,Divine,,Timeless,A-temporal,English Literary Tradition,Lyric,Religious Poetry,Quatrains,Iambic pentameter,AABB
A Hymn to the Name and Honor of the Admirable Saint Teresa,Richard Crashaw,1652,Baroque,Metaphysical Poets,Admiring,Epideictic,Descriptive,Expository,Extradiegetic,Non-diegetic,Third person omniscient,Narrator,Static,Imaginary,Saint Teresa,Past,Linear,English Literary Tradition,Lyric,Hymn,Quatrains,Iambic pentameter,AABB
The Weeper,Richard Crashaw,1648,Caroline,Metaphysical Poets,Devotional,Epideictic,Descriptive,Poetic,,,,,,Divine,,Past,Flashback,English Literature,Lyric,Religious Poetry,Quatrains,Iambic pentameter,AABB
In the Holy Nativity,Richard Crashaw,1648,Baroque,Metaphysical Poets,Religious,Epideictic,Expository,Poetic,Third person,Mimetic,Omniscient,,Static,God,The Nativity scene,Past,Linear,Christian,Narrative,Religious poetry,Quatrains,Iambic pentameter,AABB
Annus Mirabilis,John Dryden,1667,Restoration,Baroque,Formal,Epideictic,Descriptive,Expository,Extradiegetic,,Third person omniscient,,Third person,General,,Past,Chronological,Classical,Narrative,Epic,Quatrains,Iambic pentameter,AABB
All for Love (Prologue),John Dryden,1678,Restoration,Baroque,Formal,Epideictic,Monologue,Expository,Extradiegetic,,Third person omniscient,,,General,,Past,Linear,Classical,Narrative,Drama,Quatrains,Iambic pentameter,AABB
A Song for St. Cecilia's Day,John Dryden,1687,Baroque,Classicism,Formal,Epideictic,Descriptive,Expository,Extradiegetic,,Third person omniscient,,Static,General,,Past,Linear,English literary tradition,Narrative,Ode,Quatrains,Iambic pentameter,AABBCCDD
Alexander's Feast,John Dryden,1697,Baroque,Baroque,Formal,Epideictic,Descriptive,Expository,Extradiegetic,,Third person omniscient,,,General,,Past,Chronological,Classical,Narrative,Epic,Quatrains,Iambic pentameter,AABB
To the Memory of Mrs. Anne Killigrew,John Dryden,1686,Baroque,Classicism,Formal,Epideictic,Descriptive,Expository,Extradiegetic,,Third person omniscient,,Static,General,,Past,Linear,Metaphysical Poets,Lyric,Elegy,Quatrains,Iambic pentameter,AABB
The Secular Masque,John Dryden,1700,Baroque,Baroque,Formal,Epideictic,Monologue,Expository,Zero,Non-diegetic,Third person omniscient,,Anaphoric,General,,Past,Chronological,Classical,Lyric,Satire,Quatrains,Iambic pentameter,AABB
Religio Laici,John Dryden,1682,Restoration,Baroque,Didactic,Epideictic,Exposition-Argument-Conclusion,Prose Poem,Third Person,Explicit,Omniscient,Third Person,Static,General,,Past,Chronological,English Literary Tradition,Lyric,Religious Poetry,Quatrains,Iambic pentameter,AABB
The Hind and the Panther,John Dryden,1687,Baroque,Baroque,Didactic,Epideictic,Comparative,Expository,Extradiegetic,,Third person omniscient,,,General,,Past,Linear,Classical,Narrative,Fable,Quatrains,Iambic pentameter,AABB
An Essay upon Satire,"John Wilmot, Earl of Rochester",1680,Restoration,,Satirical,Forensic,Argumentative,Expository,Extradiegetic,,Third person omniscient,,Extralocative,General,,Historical,Chronological,Metaphysical Poets,Lyric,Satire,Quatrains,Iambic pentameter,AABB
A Letter from Artemisia,"John Wilmot, Earl of Rochester",1679,Restoration,,Epistolary,Deliberative,,,,,,,,,,,,,Lyric,,,,
Upon Nothing,"John Wilmot, Earl of Rochester",1679,Restoration,Metaphysical Poets,Satirical,Forensic,Monologue,Poetic,First person,Non-diegetic,First person internal,Speaker,Second person,God,Nothing,Present,Static,English Literary Tradition,Lyric,Satire,Quatrains,Iambic pentameter,AABB
The Disabled Debauchee,"John Wilmot, Earl of Rochester",1680,Restoration,,Satirical,Forensic,,,,,,,,,,,,Metaphysical Poets,Narrative,,,,
The Imperfect Enjoyment,"John Wilmot, Earl of Rochester",1680,Restoration,Metaphysical Poets,Satirical,Forensic,Monologue,Poetic,First person,Non-diegetic,First person internal,Speaker,First person,Implied,Self,Present,Static,English Literature,Lyric,Satire,Quatrains,Iambic pentameter,AABB
Love and Life,"John Wilmot, Earl of Rochester",1680,Restoration,Metaphysical Poets,Satirical,Epideictic,Monologue,Expository,First person,Non-diegetic,First person internal,Speaker,Second person,Imaginary,Love and life,Present,Sequential,English Literary Tradition,Lyric,Love poetry,Quatrains,Iambic pentameter,AABB
The Definition of Love,Andrew Marvell,1681,Restoration,Metaphysical Poets,Admiring,Epideictic,Analogical,Poetic,,Non-diegetic,Third person external,,Second person,General,,Timeless,Static,British,Lyric,Love poetry,Quatrains,Iambic pentameter,AABB
The Garden,Andrew Marvell,1681,Restoration,Metaphysical Poets,Descriptive,Epideictic,Paragraphic,Expository,Extradiegetic,Mimetic,Third person,,Second person,Reader,,Present,Static,English Literature,Lyric,Descriptive Poetry,Quatrains,Iambic pentameter,AABB
An Horatian Ode upon Cromwell's Return,Andrew Marvell,1681,Restoration,Metaphysical Poets,Praise,Epideictic,Parallelism,Formal,Extradiegetic,,Third person omniscient,,Extradiegetic,God,Cromwell,Historical,Chronological,Classical,Lyric,Ode,Quatrains,Iambic pentameter,AABBCC
The Mower to the Glow-Worms,Andrew Marvell,1681,Restoration,Metaphysical Poets,Observational,Epideictic,Exploratory,Poetic,Extradiegetic,Mimetic,Third person,Narrator,Second person,Nature,Glow-worms,Present,Static,English Literary Tradition,Lyric,Descriptive Poetry,Quatrains,Iambic pentameter,AABB
Bermudas,Andrew Marvell,1681,Restoration,Metaphysical Poets,Descriptive,Epideictic,Exposition,Poetic,Extradiegetic,Mimetic,External,Third person,External,Imaginary,Bermudas,Present,Static,English Literary Tradition,Lyric,Lyric,Quatrains,Iambic pentameter,AABB
The Picture of Little T.C.,Andrew Marvell,1681,Restoration,Metaphysical Poets,Playful,Epideictic,Descriptive,Expository,Third person,Mimetic,External,Third person,Static,Implied,Little T.C.,Past,Simple,British,Lyric,Lyric,Quatrains,Iambic pentameter,AABB
The Coronet,Andrew Marvell,1681,Restoration,Metaphysical Poets,Admiring,Epideictic,Descriptive,Expository,Extradiegetic,,Third person,,External,General,,Present,Static,English Literature,Lyric,Descriptive Poetry,Quatrains,Iambic pentameter,AABB
Windsor Forest,Alexander Pope,1713,Baroque,Classicism,Formal,Epideictic,Paragraphic,Expository,Third person,Mimetic,Omniscient,,Third person,General,,Past,Chronological,British,Narrative,Epic,Quatrains,Iambic pentameter,AABB
The Dunciad,Alexander Pope,1728,Neoclassical,Augustan,Satirical,Epideictic,Narrative,Expository,Third person omniscient,Mimetic,Omniscient,,Third person,General,,Past,Chronological,British,Narrative,Satire,Quatrains,Iambic pentameter,AABB
Epistle to Burlington,Alexander Pope,1731,Neoclassical,Augustan,Formal,Deliberative,Expository,Persuasive,Extradiegetic,,Third person external,First person singular (speaker),Second person (addressee),Real,Burlington,Past,Simple,British,Lyric,Satire,Quatrains,Iambic pentameter,AABB
Epistle II: To a Lady,Alexander Pope,1735,Neoclassical,Augustan,Formal,Deliberative,Expository,Persuasive,Extradiegetic,,Third person external,,,Real,,Past,Chronological,British,Lyric,Epistle,Quatrains,Iambic pentameter,AABB
The Universal Prayer,Alexander Pope,1738,Neoclassical,Augustan,Formal,Epideictic,Monologue,Exhortative,Zero,Non-diegetic,Third person omniscient,,Second person,Divine,Heavens,Timeless,Static,British,Lyric,Religious,Quatrains,Iambic pentameter,AABB
Moral Essays,Alexander Pope,1731,Early modern,Augustan,Didactic,Epideictic,Essay,Formal,Extradiegetic,,Third person omniscient,,,General,,Timeless,,British,Lyric,Essay,,Iambic pentameter,AABBCC
Elegy on the Death of a Mad Dog,Oliver Goldsmith,1766,Neoclassical,Augustan,Satirical,Epideictic,Descriptive,Expository,Third Person,Mimetic,Omniscient,Third Person,External,General,A mad dog,Past,Linear,British Literature,Narrative,Elegy,Quatrains,Iambic pentameter,AABB
The Traveller,Oliver Goldsmith,1764,Neoclassical,Augustan,Narrative,Epideictic,Exposition,Third Person,Extradiegetic,Mimetic,Omniscient,,Extralocative,Implied,The landscape,Past,Chronological,British Literature,Lyric,Poetry,Quatrains,Iambic pentameter,AABB
Retaliation,Oliver Goldsmith,1774,Neoclassical,Augustan,Satirical,Forensic,Monologue,Expository,Third Person,Mimetic,External,,Second Person,General,,Present,Synchronous,British,Lyric,Poetry,Quatrains,Iambic pentameter,AABB
When Lovely Woman Stoops to Folly,Oliver Goldsmith,1766,Neoclassical,Augustan,Satirical,Forensic,Argumentative,Expository,Third Person,Extradiegetic,Omniscient,Third Person,Static,General,,Past,Chronological,British Literary Tradition,Narrative,Poetry,Quatrains,Iambic pentameter,AABB
The Bard,Thomas Gray,1757,Neoclassical,Classicism,Formal,Epideictic,Descriptive,Poetic,Extradiegetic,,Third Person Omniscient,,,General,,Past,Linear,British Literature,Lyric,Ode,Quatrains,Iambic pentameter,AABB
Ode on a Distant Prospect of Eton College,Thomas Gray,1747,Early modern,Classicism,Admiring,Epideictic,Ode,Poetic,Extradiegetic,,Third person (omniscient),,External,Imaginary,Eton College,Past,Flashback,English poetry,Lyric,Ode,Quatrains,Alternating iambic pentameter and iambic tetrameter,AABBCCDD
Hymn to Adversity,Thomas Gray,1742,Early modern,Augustan,Formal,Epideictic,Descriptive,Expository,Extradiegetic,,Third person omniscient,,,General,,Past,Chronological,British,Lyric,Hymn,Quatrains,Iambic pentameter,AABB
The Fatal Sisters,Thomas Gray,1768,Neoclassical,Classical,Formal,Epideictic,Descriptive,Expository,Third Person,Extradiegetic,Omniscient,Third Person,Static,General,,Past,Linear,British,Narrative,Poem,Quatrains,Iambic pentameter,AABB
London,Samuel Johnson,1738,Neoclassical,Augustan,Observational,Epideictic,Expository,Poetic,Extradiegetic,Mimetic,External,Third person,Exocentric,Implied,London,Present,Static,British,Lyric,Poetry,Quatrains,Iambic pentameter,AABB
On the Death of Dr. Robert Levet,Samuel Johnson,1783,Romantic,Augustan,Formal,Epideictic,Exposition-Narration-Conclusion,Explicit,Third Person,Extradiegetic,Omniscient,Third Person,Anaphoric,Indirect,Dr. Robert Levet,Past,Chronological,English Literary Tradition,Narrative,Poetry,Quatrains,Iambic pentameter,AABB
A Short Song of Congratulation,Samuel Johnson,1780,Romantic,Augustan,Formal,Epideictic,Descriptive,Poetic,Zero,Non-diegetic,Third Person Omniscient,,Anaphoric,General,,Present,Static,British,Lyric,Ode,Quatrains,Iambic pentameter,AABB
The Rape of the Lock (Canto I),Alexander Pope,1712,Augustan,Classical,Satirical,Epideictic,Narrative,Poetic,Extradiegetic,Mimetic,Third person omniscient,,Second person,Reader,The lock of hair,Past,Linear,British,Lyric,Heroic Couplet,Quatrains,Iambic pentameter,AABBCC
The Rape of the Lock (Canto II),Alexander Pope,1714,Neoclassical,Augustan,Satirical,Forensic,Argumentative,Prose,Extradiegetic,,Omniscient,Third person,,General,,Past,Chronological,British,Narrative,Long Poem,Quatrains,Iambic pentameter,AABB
A Description of the Morning,Jonathan Swift,1709,Augustan,,Descriptive,Epideictic,,Expository,Extradiegetic,Mimetic,Omniscient,,Extralocative,General,,Present,Sequential,,Lyric,Lyric,Quatrains,Iambic pentameter,AABB
Cadenus and Vanessa,Jonathan Swift,1726,Neoclassical,,Formal,Deliberative,Letter,Fictional,Exterior,Mimetic,Third person omniscient,,First person,Real,Cadenus,Past,Chronological,British,Narrative,Poem,Quatrains,Iambic pentameter,AABB
The Lady's Dressing Room,Jonathan Swift,1732,Neoclassical,Satire,Satirical,Forensic,Descriptive,Expository,Third person,Extradiegetic,External,Third person,Static,Indirect,The lady's dressing room,Present,Synchronous,British,Lyric,Satire,Quatrains,Iambic pentameter,AABB
A Beautiful Young Nymph Going to Bed,Jonathan Swift,1734,Neoclassical,,Satirical,Forensic,,,,,,,,,,,,,Narrative,,,,
On Stella's Birthday,Jonathan Swift,1719,Neoclassical,,Celebratory,Epideictic,,,,,,,,,,,,,Lyric,,Quatrains,Iambic pentameter,AABB
The Task,William Cowper,1785,Romantic,Romanticism,Didactic,Epideictic,Expository,Monologue,Extradiegetic,,Third Person Omniscient,,,General,,Past,Chronological,British Literary Tradition,Narrative,Poem,Quatrains,Anapestic Tetrameter,AABB
The Castaway,William Cowper,1799,Romantic,Romanticism,Narrative,Epideictic,Expository,Monologue,Third person,Mimetic,External,,Third person,Implied,,Past,Chronological,British Romanticism,Narrative,Poetry,Quatrains,Anapestic tetrameter,AABB
Light Shining Out of Darkness,William Cowper,1779,Neoclassical,Romanticism,Religious,Epideictic,Descriptive,Expository,Third Person,Non-diegetic,Omniscient,,Non-deictic,General,,Past,Linear,British Literary Tradition,Lyric,Religious Poetry,Quatrains,Anapestic Trimeter,AABB
The Poplar-Field,William Cowper,1784,Romantic,Romanticism,Narrative,Epideictic,Paragraphic,Expository,Third Person,Mimetic,External,,Narrative,General,,Past,Chronological,British Romanticism,Lyric,Poetry,Quatrains,Anapestic Tetrameter,AABB
The Clod and the Pebble,William Blake,1794,Romantic,Romanticism,Narrative,Epideictic,Descriptive,Poetic,Third person,Mimetic,External,,Third person,Implied,The clod and the pebble,Present,Static,British Romanticism,Lyric,Narrative poetry,Quatrains,Iambic pentameter,AABB
The Garden of Love,William Blake,1794,Romantic,Romanticism,Narrative,Epideictic,Descriptive,Poetic,Extradiegetic,,Third person omniscient,,Static,Imaginary,The Garden,Past,Linear,British Romanticism,Lyric,Poetry,Quatrains,Irregular,AABB
Infant Sorrow,William Blake,1794,Romantic,Romanticism,Lamenting,Epideictic,Descriptive,Poetic,,,,,,,,Past,Flashback,British Romanticism,Lyric,Lament,Quatrains,Tetrameter,AABB
Ah! Sun-flower,William Blake,1794,Romantic,Romanticism,Admiring,Epideictic,Descriptive,Poetic,,Non-diegetic,External,,Third person,Imaginary,Sun-flower,Present,Static,British Romanticism,Lyric,Poetry,Quatrains,Tetrameter,AABB
The Angel,William Blake,1794,Romantic,Romanticism,Divine,Epideictic,,,,,,,,,,,,British Romanticism,Lyric,Religious,Quatrains,Tetrameter,AABB
Infant Joy,William Blake,1789,Romantic,Romanticism,Admiring,Epideictic,,,,,,,,,,,,British Romanticism,Lyric,,Quatrains,Tetrameter,AABB
The Blossom,William Blake,1789,Romantic,Romanticism,Lyrical,Epideictic,Paragraphic,Expository,,,,,,,,,,British Romanticism,Lyric,Poetry,Quatrains,Tetrameter,AABB
The Ecchoing Green,William Blake,1789,Romantic,Romanticism,Narrative,Epideictic,Expository,Poetic,Third person,Mimetic,External,,Third person,Implied,The Ecchoing Green,Past,Linear,British Romanticism,Lyric,Narrative Poetry,Quatrains,Tetrameter,AABB
The Marriage of Heaven and Hell,William Blake,1793,Romantic,Romanticism,Allegorical,Deliberative,Prose,Poetic,Extradiegetic,,Omniscient,,,General,,Timeless,,British Romanticism,Lyric,Prophetic Poetry,Irregular,Irregular,
Auguries of Innocence,William Blake,1803,Romantic,Romanticism,Narrative,Epideictic,Fragmented,Poetic,External,Non-diegetic,Omniscient,Third person,Non-deictic,General,,Past,Linear,British Romanticism,Lyric,Narrative poetry,Quatrains,Ten-syllable lines,AABB
Jerusalem (And did those feet),William Blake,1808,Romantic,Romanticism,Religious,Epideictic,Narrative,Poetic,Extradiegetic,Nonmimetic,Omniscient,Third person,Anaphoric,God,England,Anachronic,Flashback,British Romanticism,Lyric,Religious poetry,Quatrains,Iambic tetrameter,AABB
Nutting,William Wordsworth,1800,Romantic,Romanticism,Descriptive,Epideictic,Expository,Narrative,Extradiegetic,Mimetic,Third person,,Past,Implied,,Past,Chronological,British Romanticism,Lyric,Narrative Poem,Quatrains,Iambic pentameter,AABB
Strange Fits of Passion,William Wordsworth,1800,Romantic,Romanticism,Admiring,Epideictic,,,,,,,,,,,,British Romanticism,Lyric,,Quatrains,Iambic pentameter,AABB
A Slumber Did My Spirit Seal,William Wordsworth,1800,Romantic,Romanticism,Narrative,Epideictic,Descriptive,Expository,First person,Mimetic,First person internal,First person singular,Subjective,Implied,Nature,Past,Simple past,English Romantic Poetry,Lyric,Lyric Poetry,"Four stanzas, each with eight lines",Iambic pentameter,AABBCCDD
Resolution and Independence,William Wordsworth,1807,Romantic,Romanticism,Reflective,Epideictic,Descriptive,Expository,Extradiegetic,Mimetic,Third person omniscient,,Extralocative,General,,Past,Linear,British Romanticism,Lyric,Narrative Poem,Quatrains,Iambic pentameter,AABB
The Prelude (Book I),William Wordsworth,1850,Romantic,Romanticism,Narrative,Epideictic,Expository,Monologue,First person,Extradiegetic,First person internal,First person singular,Autocentric,Implied,Nature,Retrospective,Flashback,English Romanticism,Narrative,Poetry,Four-line stanzas with a rhyme scheme of AABB,Iambic pentameter,A rhyming poem
Michael,William Wordsworth,1800,Romantic,Romanticism,Narrative,Epideictic,Descriptive,Expository,Third person,Mimetic,External,Third person,Extradiegetic,General,,Past,Linear,British Romantic Poetry,Narrative,Lyric Poetry,Quatrains,Iambic pentameter,AABB
Expostulation and Reply,William Wordsworth,1798,Romantic,Romanticism,Conversational,Forensic,Monologue and Dialogue,Poetic,Extradiegetic,Mimetic,First person,Speaker,Second person,God,Nature,Present,Sequential,British Romanticism,Lyric,Lyric poetry,Quatrains,Iambic pentameter,AABB
The Tables Turned,William Wordsworth,1798,Romantic,Romanticism,Didactic,Epideictic,Expository,Prose Poem,Extradiegetic,,First person (narrator),First person singular,Second person (reader),General,Nature,Present,Static,British Romanticism,Lyric,Poem,Quatrains,Iambic pentameter,AABB
Christabel,Samuel Taylor Coleridge,1816,Romantic,Romanticism,Gothic,Epideictic,Linear,Expository,Third person omniscient,Mimetic,Omniscient,,External,Implied,,Past,Chronological,British Romanticism,Narrative,Gothic poetry,Quatrains,Iambic pentameter,AABB
This Lime-Tree Bower My Prison,Samuel Taylor Coleridge,1800,Romantic,Romanticism,Admiring,Epideictic,Descriptive,Expository,,Mimetic,First person,Speaker,First person,Implied,Lime-tree bower,Present,Static,British Romanticism,Lyric,Poetry,Quatrains,Iambic pentameter,AABB
The Pains of Sleep,Samuel Taylor Coleridge,1816,Romantic,Romanticism,Meditative,Epideictic,Descriptive,Expository,First person,Extradiegetic,First person internal,Speaker,Second person,Imaginary,Sleep,Present,Static,British Romanticism,Lyric,Poetry,Quatrains,Iambic pentameter,AABB
Work Without Hope,Samuel Taylor Coleridge,1828,Romantic,Romanticism,Meditative,Epideictic,Descriptive,Expository,,,,,,,,,,,Lyric,Poetry,Quatrains,Anapestic tetrameter,AABB
On First Looking into Chapman's Homer,John Keats,1816,Romantic,Romanticism,Admiring,Epideictic,Exposition,Poetic,Extradiegetic,Mimetic,First person,Speaker,First person,Implied,Chapman's Homer,Past,Flashback,Classical,Lyric,Epigram,Quatrains,Iambic pentameter,AABB
Sleep and Poetry,John Keats,1817,Romantic,Romanticism,Meditative,Epideictic,Descriptive,Poetic,Extradiegetic,,First person (poetic I),Speaker,Second person,Imaginary,Sleep,Present,Static,British Romanticism,Lyric,Poetry,Quatrains,Iambic pentameter,ABAB
The Eve of St. Agnes,John Keats,1820,Romantic,Romanticism,Formal,Epideictic,Linear,Expository,Third person omniscient,Mimetic,Omniscient,,Past,Indirect,,Past,Chronological,British Romanticism,Narrative,Gothic Romance,Quatrains,Iambic pentameter,AABBCCDD
Ode to Psyche,John Keats,1820,Romantic,Romanticism,Admiring,Epideictic,stanzaic,poetic,,non-diegetic,third-person,,timeless,abstract,,timeless,,,Lyric,ode,quatrains,iambic pentameter,ababcc
Lamia,John Keats,1820,Romantic,Romanticism,Narrative,Epideictic,Exposition,Poetic,Third person,Fictional,External,Third person,External,Implied,Lamia,Past,Linear,British Romanticism,Narrative,Narrative poetry,Quatrains,Iambic pentameter,AABB
Isabella,John Keats,1820,Romantic,Romanticism,Admiring,Epideictic,,,,,,,,,,,,,Lyric,,Quatrains,Iambic pentameter,ABAB
Hyperion,John Keats,1820,Romantic,Romanticism,Epic,Epideictic,Exposition,Poetic,Third person omniscient,Mimetic,Omniscient,Third person,External,Implied,,Past,Chronological,Classical,Narrative,Epic,"Four stanzas of five tercets each, followed by a final quatrain",Iambic pentameter,A B A R R
Hymn to Intellectual Beauty,Percy Bysshe Shelley,1817,Romantic,Romanticism,Admiring,Epideictic,,,,,,,,,,,,,Lyric,,,Iambic pentameter,A B A B C C D D E E F E
The Mask of Anarchy,Percy Bysshe Shelley,1832,Romantic,Romanticism,Prophetic,Epideictic,Monologue,Poetic,Extradiegetic,,Third person omniscient,,Second person,Anonymous,Anarchy,Future,Progressive,British Romanticism,Lyric,Propaganda poem,Quatrains,Iambic pentameter,AABB
Epipsychidion,Percy Bysshe Shelley,1821,Romantic,Romanticism,Love,Epideictic,Monologue,Expressive,First person,Non-diegetic,First person internal,First person singular,Second person,Beloved,You,Present,Sequential,British Romanticism,Lyric,Love poetry,Quatrains,Iambic pentameter,ABAB
Alastor,Percy Bysshe Shelley,1816,Romantic,Romanticism,Narrative,Epideictic,Expository,Poetic,Third person,Extradiegetic,Omniscient,,Third person,General,,Past,Chronological,British Romanticism,Narrative,Lyric Narrative,Quatrains,Iambic pentameter,AABB
The Triumph of Life,Percy Bysshe Shelley,1824,Romantic,Romanticism,Elevated,Epideictic,Monologue,Expository,Extradiegetic,,First person (narrator),Narrator,Third person,General,,Past,Linear,British Romanticism,Lyric,Philosophical Poem,Irregular,Irregular,AABBCCDD
The Cloud,Percy Bysshe Shelley,1820,Romantic,Romanticism,Imaginative,Epideictic,Paragraphic,Expository,Extradiegetic,,Third person,,,General,,Present,Static,British Romanticism,Lyric,Poetry,Irregular,Iambic pentameter,AABBCCDD
To Night,Percy Bysshe Shelley,1824,Romantic,Romanticism,Admiring,Epideictic,Descriptive,Poetic,,,,,,Imaginary,,Present,Static,British Romanticism,Lyric,Lyric Poetry,Quatrains,Iambic pentameter,AABB
Childe Harold's Pilgrimage (Canto I),Lord Byron,1812,Romantic,Romanticism,Admiring,Epideictic,Descriptive,Expository,Extradiegetic,Mimetic,Third person omniscient,,Second person,Imaginary,,Past,Chronological,British Romanticism,Lyric,Long poem,Quatrains,Iambic pentameter,AABB
Childe Harold's Pilgrimage (Canto III),Lord Byron,1816,Romantic,Romanticism,Admiring,Epideictic,Descriptive,Expository,Extradiegetic,Mimetic,External,First person (narrator),Third person,Implied,The landscape and its inhabitants,Past,Chronological,British Romanticism,Lyric,Long poem,Quatrains,Iambic pentameter,ABAB
Childe Harold's Pilgrimage (Canto IV),Lord Byron,1818,Romantic,Romanticism,Admiring,Epideictic,,,,,,,,,,Past,Chronological,,Lyric,Epic,Quatrains,Iambic pentameter,AABB
Don Juan (Canto I),Lord Byron,1819,Romantic,Romanticism,Satirical,Epideictic,Narrative,Expository,Third person omniscient,Mimetic,External,Third person,Extradiegetic,Implied,Don Juan,Past,Linear,British Romanticism,Narrative,Long narrative poem,Quatrains,Iambic pentameter,AABB
Don Juan (Canto II),Lord Byron,1819,Romantic,Romanticism,Epic,Epideictic,Linear,Expository,Third person omniscient,Mimetic,Omniscient,Third person,External,Implied,Don Juan and his seductions,Chronological,Sequential,British Romanticism,Narrative,Epic poem,Quatrains,Iambic pentameter,AABB
The Vision of Judgment,Lord Byron,1822,Romantic,Romanticism,Formal,Epideictic,Monologue,Poetic,Extradiegetic,,Third person omniscient,,,General,,Future,Linear,British Romanticism,Narrative,Epic,Quatrains,Iambic pentameter,AABB
Darkness,Lord Byron,1816,Romantic,Romanticism,Gothic,Epideictic,Descriptive,Poetic,Extradiegetic,,Third person omniscient,,,General,,Timeless,Static,British Romanticism,Lyric,Poetry,Quatrains,Iambic pentameter,AABB
Manfred,Lord Byron,1817,Romantic,Romanticism,Formal,Epideictic,Monologue,Expository,Third person,Mimetic,External,Third person,Extradiegetic,Implied,,Past,Linear,Gothic,Narrative,Drama,Quatrains,Iambic pentameter,ABAB
Stanzas for Music,Lord Byron,1816,Romantic,Romanticism,Admiring,Epideictic,,,,,,,,,,,,,Lyric,,Quatrains,Iambic pentameter,AABB
So We'll Go No More A-Roving,Lord Byron,1817,Romantic,Romanticism,Melancholic,Epideictic,Monologue,Poetic,Extradiegetic,,First person,Speaker,Second person,Imaginary,Nature,Past,Flashback,British,Lyric,Lyric poetry,Quatrains,Iambic pentameter,AABB
Morte d'Arthur,Alfred Tennyson,1842,Victorian,Romanticism,Formal,Epideictic,Narrative,Expository,Third person,Mimetic,Omniscient,,Third person,General,,Past,Chronological,British,Narrative,Epic,Quatrains,Iambic pentameter,AABB
Locksley Hall,Alfred Tennyson,1842,Victorian,Romanticism,Nostalgic,Epideictic,Monologue,Expository,First person,Non-diegetic,First person internal,Speaker,Second person,Imaginary,Locksley Hall,Past,Flashback,British Romanticism,Narrative,Lyric,Quatrains,Iambic pentameter,AABB
The Lotos-Eaters,Alfred Tennyson,1832,Romantic,Romanticism,Narrative,Epideictic,Descriptive,Expository,Third person,Mimetic,Omniscient,,External,Implied,,Past,Linear,British Romanticism,Narrative,Lyric Poem,Quatrains,Iambic pentameter,AABB
Tithonus,Alfred Tennyson,1860,Victorian,Romanticism,Elegiac,Epideictic,Descriptive,Expository,Extradiegetic,,Third person,,External,General,,Past,Linear,Classical,Lyric,Epigram,Quatrains,Iambic pentameter,AABB
Mariana,Alfred Tennyson,1830,Romantic,Romanticism,Melancholic,Epideictic,Descriptive,Poetic,,Non-diegetic,Third person,,Second person,Imaginary,,Past,Flashback,British,Lyric,Lyric poetry,Quatrains,Iambic pentameter,AABB
The Palace of Art,Alfred Tennyson,1832,Romantic,Romanticism,Admiring,Epideictic,Descriptive,Poetic,Extradiegetic,Non-diegetic,Third person omniscient,,Second person,Imaginary,The Palace of Art,Present,Static,British Romanticism,Lyric,Descriptive poetry,Quatrains,Iambic pentameter,AABB
Maud,Alfred Tennyson,1855,Victorian,Victorian Poetry,Narrative,Epideictic,Monologue,Expository,Third person,Extradiegetic,Omniscient,,Extralocative,Implied,,Past,Linear,British Romanticism,Narrative,Long Narrative Poem,Quatrains,Iambic pentameter,AABB
The Passing of Arthur,Alfred Tennyson,1869,Victorian,Romanticism,Epic,Epideictic,Exposition,Fictive,Third person,Mimetic,Omniscient,,Past,Indirect,,Past,Linear,British,Narrative,Epic,Quatrains,Iambic pentameter,AABB
The Holy Grail,Alfred Tennyson,1869,Victorian,Romanticism,Epic,Epideictic,Descriptive,Expository,Third person omniscient,Mimetic,External,Third person,Anaphoric,General,The Holy Grail,Past,Linear,Arthurian legend,Narrative,Epic poem,Quatrains,Iambic pentameter,AABB
Soliloquy of the Spanish Cloister,Robert Browning,1842,Victorian,Victorianism,Meditative,Epideictic,Monologue,Expository,First person,Internal,First person,Female,Subjective,Implied,Self,Past,Flashback,Romanticism,Dramatic,Lyric Poem,Quatrains,Iambic pentameter,AABB
The Bishop Orders His Tomb at Saint Praxed's Church,Robert Browning,1845,Victorian,Victorianism,Formal,Epideictic,Monologue,Expository,Third person,Mimetic,External,Third person,Past,Implied,The tomb of the bishop,Past,Linear,Browning's poetry is often classified as part of the Victorian literary tradition,Narrative,Narrative poetry,"Four stanzas, each with eight lines",Iambic pentameter,AABBCCDD
Love Among the Ruins,Robert Browning,1855,Victorian,Victorianism,Formal,Epideictic,Monologue,Expository,Extradiegetic,Mimetic,First person,Speaker,Second person,Imaginary,Ruins,Past,Flashback,British Romanticism,Dramatic,Lyric Poem,Quatrains,Iambic pentameter,AABB
Childe Roland to the Dark Tower Came,Robert Browning,1855,Victorian,Victorianism,Formal,Epideictic,Monologue,Expository,Third person limited,Realistic,External,Third person,Past,Implied,Dark Tower,Past,Linear,British Romanticism,Narrative,Epic,Quatrains,Iambic pentameter,AABB
A Toccata of Galuppi's,Robert Browning,1855,Victorian,Victorianism,Formal,Epideictic,Monologue,Expressive,First person,Internal,First person,Monodrama,Second person,Imaginary,Music,Past,Flashback,British Romanticism,Dramatic,Lyric Drama,Quatrains,Iambic pentameter,AABB
The Pied Piper of Hamelin,Robert Browning,1842,Victorian,Romanticism,Narrative,Epideictic,Story,Third person,Extradiegetic,Mimetic,Omniscient,Third person,External,Implied,Hamelin,Past,Linear,Oral tradition,Narrative,Fable,Quatrains,Iambic pentameter,AABBCC
Rabbi Ben Ezra,Robert Browning,1864,Victorian,Victorianism,Formal,Epideictic,Monologue,Expository,Third person internal,Mimetic,Internal,Rabbi Ben Ezra,First person,God,The book of Psalms,Past,Flashback,Jewish,Dramatic,Religious poetry,Quatrains,Iambic pentameter,AABB
Caliban upon Setebos,Robert Browning,1864,Victorian,Victorianism,Monologue,Epideictic,Monologue,Expository,Third person internal,Mimetic,Limited,Caliban,External,Implied,,Past,Flashback,British Romanticism,Dramatic,Poetry,Irregular,Irregular,A-B-A-B-C-C-A-B-A-B-C-C-A-B-A-B-C-C-A-B-A-B-C-C-A-B-A-B-C-C-A-B-A-B-C-C
Abt Vogler,Robert Browning,1864,Victorian,Victorianism,Formal,Epideictic,Monologue,Expository,Third person,Mimetic,External,Third person,Static,General,Abt Vogler,Past,Linear,British Romanticism,Dramatic,Poetry,Irregular,Iambic pentameter,AABBCCDD
Sonnet 1: I thought once,Elizabeth Barrett Browning,1850,Victorian,Romanticism,Introspective,Epideictic,Cohesive,Expository,First person,Non-diegetic,First person internal,First person singular,Static,Implied,,Reflective,Chronological,English sonnet tradition,Lyric,Lyric poetry,Three quatrains and a couplet,Iambic pentameter,ABAB CDCD EFEF GG
Sonnet 14: If thou must love me,Elizabeth Barrett Browning,1850,Victorian,Romanticism,Admiring,Epideictic,Three quatrains followed by a couplet,Poetic,,Non-diegetic,Third person,,Second person,Beloved,,Present,Static,English sonnet tradition,Lyric,Love poetry,Three quatrains and a couplet,Iambic pentameter,ABAB CDCD EFEF GG
Sonnet 22: When our two souls,Elizabeth Barrett Browning,1850,Victorian,Romanticism,Admiring,Epideictic,Three quatrains and a couplet,Poetic,Extradiegetic,Non-diegetic,Third person,,Static,Implied,,Present,Simple,English sonnet tradition,Lyric,Love poetry,Three quatrains and a couplet,Iambic pentameter,ABABCDCDEFEFGG
Aurora Leigh (Book I),Elizabeth Barrett Browning,1856,Victorian,Victorian Poetry,Formal,Deliberative,Monologue,Expository,Third person internal,Extradiegetic,Omniscient,Female,First person,General,,Past,Linear,British Romanticism,Narrative,Novel in Verse,Quatrains,Iambic pentameter,AABB
Aurora Leigh (Book V),Elizabeth Barrett Browning,1856,Victorian,Victorian Poetry,Formal,Deliberative,Monologue,Expository,Third person internal,Mimetic,Internal,Female,First person,Implied,The sun,Past,Linear,British Romanticism,Narrative,Long Poem,Quatrains,Iambic pentameter,AABB
Lady Geraldine's Courtship,Elizabeth Barrett Browning,1844,Victorian,Romanticism,Formal,Epideictic,Linear,Expository,Third person,Exterior,Omniscient,,External,General,,Past,Chronological,British,Narrative,Poem,Quatrains,Iambic pentameter,AABB
Amor Mundi,Christina Rossetti,1865,Victorian,Pre-Raphaelitism,Meditative,Epideictic,Descriptive,Expository,,,,,,,,,,,Lyric,Poetry,Quatrains,Iambic pentameter,AABB
Echo,Christina Rossetti,1862,Victorian,Pre-Raphaelitism,Lyrical,Epideictic,Narrative,Expository,First person,Mimetic,Internal,Female,Second person,Reader,Nature,Present,Static,English Romanticism,Lyric,Poetry,Quatrains,Iambic pentameter,AABB
A Triad,Christina Rossetti,1856,Victorian,Pre-Raphaelitism,Meditative,Epideictic,Three-part structure,Poetic,,Non-diegetic,Third person omniscient,,Non-deictic,Imaginary,,Past,Flashback,British,Lyric,Lyric poetry,Three quatrains and a couplet,Iambic pentameter,AABB AABB CC
Monna Innominata,Christina Rossetti,1881,Victorian,Pre-Raphaelitism,Admiring,Epideictic,Descriptive,Expository,,,,,,,,,,British,Lyric,Sonnet,Three quatrains and a couplet,Iambic pentameter,ABAB CDCD EFEF GG
The Convent Threshold,Christina Rossetti,1862,Victorian,Pre-Raphaelitism,Reflective,Epideictic,Descriptive,Expository,Extradiegetic,,Third person omniscient,,Static,General,,Past,Simple,British,Lyric,Poem,Quatrains,Iambic pentameter,AABB
Winter: My Secret,Christina Rossetti,1862,Victorian,Pre-Raphaelitism,Introspective,Epideictic,Paragraphic,Expository,First person,Non-diegetic,Internal,First person singular,Subjective,Implied,Nature,Present,Static,English literary tradition,Lyric,Poetry,Quatrains,Iambic pentameter,AABB
Thyrsis,Matthew Arnold,1866,Victorian,,Elegiac,Epideictic,,,,,,,,,,Past,,Classical,Lyric,Elegy,Sonnet,Iambic pentameter,ABABCDCDEFEFGG
Sohrab and Rustum,Matthew Arnold,1853,Victorian,Romanticism,Epic,Epideictic,"Exposition, Development, Closure",Expository,Third person omniscient,Mimetic,Omniscient,Third person,External,Implied,The reader,Past,Linear,Classical,Narrative,Epic Poem,Quatrains,Iambic pentameter,AABB
The Forsaken Merman,Matthew Arnold,1849,Victorian,Romanticism,Narrative,Epideictic,Descriptive,Expository,Third person,Extradiegetic,Omniscient,,Third person,General,,Past,Simple,British Romanticism,Lyric,Narrative Poem,Quatrains,Iambic pentameter,AABB
Empedocles on Etna,Matthew Arnold,1852,Victorian,Romanticism,Elevated,Epideictic,Descriptive,Expository,Extradiegetic,,Third person omniscient,,External,General,Mount Etna,Past,Linear,Classical,Lyric,Narrative Poem,Quatrains,Iambic pentameter,AABB
Stanzas from the Grande Chartreuse,Matthew Arnold,1855,Victorian,,Meditative,Epideictic,,,,,,,,,,,,,Lyric,,Quatrains,Iambic pentameter,AABB
Carrion Comfort,Gerard Manley Hopkins,1918,Modernist,,,,,,,,,,,,,,,,Lyric,,,,
"No Worst, There Is None",Gerard Manley Hopkins,1918,Modernist,Modernism,Admiring,Epideictic,Descriptive,Expository,,,,,,,,,,,Lyric,Religious,Quatrains,Sprung rhythm,AABB
I Wake and Feel the Fell of Dark,Gerard Manley Hopkins,1918,Modernist,Modernism,Meditative,Epideictic,Descriptive,Expository,,,First person,First person singular,Subjective,Implied,,Present,Static,,Lyric,Poetry,Quatrains,Sprung rhythm,AABB
Felix Randal,Gerard Manley Hopkins,1918,Modernist,Modernism,Narrative,Epideictic,Descriptive,Expository,Third Person,Mimetic,Omniscient,,Anaphoric,General,,Past,Linear,British,Lyric,Narrative Poem,Quatrains,Sprung rhythm,AABB
The Wreck of the Deutschland,Gerard Manley Hopkins,1918,Modernist,Modernism,Epideictic,Epideictic,Descriptive,Poetic,Extradiegetic,Mimetic,Third person omniscient,,External,Implied,The wreck of the Deutschland,Past,Chronological,Modernist poetry,Lyric,Lyric,Quatrains,Sprung rhythm,AABB
Harry Ploughman,Gerard Manley Hopkins,1918,Modernist,Modernism,Observational,Epideictic,Expository,Narrative,Third person,Mimetic,Omniscient,,External,Implied,,Present,Synchronous,British,Lyric,Poetry,Quatrains,Sprung rhythm,AABB
That Nature Is a Heraclitean Fire,Gerard Manley Hopkins,1918,Modernist,Modernism,Meditative,Epideictic,Descriptive,Expository,,,First person,Speaker,First person,Implied,Nature,Present,Static,Modernist Poetry,Lyric,Descriptive Poetry,Free,Sprung rhythm,A-B-C-B-A-B-C-B-A-B-C-B-A-B-C-B-A-B-C-B-A-B-C-B-A-B-C-B
Tell all the truth but tell it slant,Emily Dickinson,1945,Victorian,,,,,,,,,,,,,,,American,Lyric,,Quatrains,,AABB
Much Madness is divinest Sense,Emily Dickinson,1890,Late 19th Century,Late Romanticism,Meditative,Epideictic,Paragraphic,Reflective,First person,Non-diegetic,First person internal,First person singular,Subjective,Implied,,Timeless,A-temporal,American,Lyric,Poetry,Quatrains,Iambic pentameter,AABB
"I felt a Funeral, in my Brain",Emily Dickinson,1896,Late 19th Century,"Romanticism, Modernism",Introspective,Epideictic,Monologue,First person,Internal,Internal,First person,First person singular,Subjective,Implied,Funeral,Retrospective,Flashback,American,Lyric,Poetry,Quatrains,Iambic tetrameter,AABB
I taste a liquor never brewed,Emily Dickinson,1861,Victorian,Romanticism,Mystical,Epideictic,Descriptive,Poetic,First person,Non-diegetic,Internal,First person singular,Subjective,Implied,A liquor,Timeless,A-temporal,American,Lyric,Poetry,Quatrains,Iambic tetrameter,AABB
My Life had stood - a Loaded Gun,Emily Dickinson,1929,Victorian,Romanticism,Reflective,Epideictic,Monologue,Poetic,First person,Non-diegetic,First person internal,First person singular,Non-deictic,Implied,,Reflective,Flashback,American,Lyric,Lyric poetry,Quatrains,Iambic pentameter,AABB
I cannot live with You,Emily Dickinson,1890,Victorian,Romanticism,Formal,Epideictic,Monologue,Poetic,First person,Non-diegetic,First person internal,Speaker,First person,Implied,You,Present,Static,American,Lyric,Love poetry,Quatrains,Iambic pentameter,AABB
Safe in their Alabaster Chambers,Emily Dickinson,1862,Victorian,Romanticism,Meditative,Epideictic,Descriptive,Poetic,,Non-diegetic,First person,Speaker,Internal,Imaginary,Alabaster chambers,Present,Static,American,Lyric,Poetry,Quatrains,Iambic pentameter,AABB
"It was not Death, for I stood up",Emily Dickinson,1891,Late 19th Century,Late Romanticism,Reflective,Epideictic,Monologue,Poetic,First person,Non-diegetic,First person internal,First person singular,Subjective,Implied,Not specified,Retrospective,Flashback,American,Lyric,Poetry,Quatrains,Iambic pentameter,AABB
A Noiseless Patient Spider,Walt Whitman,1868,Victorian,Romanticism,Observational,Epideictic,Paragraphic,Expository,Extradiegetic,Mimetic,Omniscient,First person singular,Anaphoric,Implied,Spider,Present,Static,American,Lyric,Narrative poetry,Quatrains,Iambic pentameter,AABB
As I Ebb'd with the Ocean of Life,Walt Whitman,1860,Victorian,Romanticism,Elegiac,Epideictic,,,,,,,,,,,,American,Lyric,,,Free verse,
The Sleepers,Walt Whitman,1855,Romantic,Romanticism,Elevated,Epideictic,Descriptive,Poetic,Extradiegetic,,Omniscient,First person plural,,Imaginary,,Present,Static,American,Lyric,Poetry,Free,Free verse,
There Was a Child Went Forth,Walt Whitman,1855,Victorian,Romanticism,Epideictic,Epideictic,,,,,,,,,,,,American,Lyric,,Quatrains,Iambic pentameter,AABB
Passage to India,Walt Whitman,1871,Victorian,"Realism, Naturalism",Observational,Epideictic,Expository,Monologue,Third person omniscient,Mimetic,External,,Third person,Implied,,Present,Chronological,Modernist,Lyric,Poetry,Free verse,Free verse,A-B-A-B-C-C-A-B-A-B-C-C-A-B-A
By Blue Ontario's Shore,Walt Whitman,1856,Victorian,Romanticism,Admiring,Epideictic,Expository,Poetic,,,,,,,,,,American,Lyric,Poetry,Free verse,Free verse,
Portrait of a Lady,T.S. Eliot,1915,Modernist,Modernism,Formal,Epideictic,Expository,Monologue,Third person omniscient,External,Omniscient,,Third person,Implied,,Past,Chronological,,Lyric,,Four quatrains and a tercet,Iambic pentameter,"AABB, CC, DD, EE, FFF"
Rhapsody on a Windy Night,T.S. Eliot,1917,Modernist,Modernism,Meditative,Epideictic,Cohesive,Expository,Extradiegetic,,Third person omniscient,,Static,Implied,,Present,Sequential,Modernist poetry,Lyric,Poetry,Irregular,Free verse,
Sweeney Among the Nightingales,T.S. Eliot,1920,Modernist,Modernism,Narrative,Epideictic,Fragmented,Monologue,Third person,Non-diegetic,External,Third person,Non-deictic,Implied,,Non-linear,Flashback,Modernist poetry,Narrative,,Fragmented,Free verse,A-B-A-B-C-C-A-B-A-B-C-C-A-B-A-B-C-C
Ash Wednesday,T.S. Eliot,1930,Modernist,Modernism,Formal,Epideictic,Monologue,Expository,First person,,First person internal,Speaker,First person,Implied,,Present,Flashback,Modernist Poetry,Lyric,Religious Poetry,Quatrains,Iambic pentameter,AABA
Marina,T.S. Eliot,1930,Modernist,Modernism,Formal,Epideictic,Fragmented,Expository,Third person,Mimetic,Omniscient,,Anaphoric,Implied,,Past,Linear,Modernist poetry,Lyric,Poetry,Quatrains,Free verse,A-B-A-B
Four Quartets: Burnt Norton,T.S. Eliot,1936,Modernist,Modernism,Meditative,Epideictic,Fragmented,Poetic,Extradiegetic,,Omniscient,,,Implied,,Nonlinear,Flashback,Modernist Poetry,Lyric,Lyric Poem,Quatrains,Free verse,
Four Quartets: East Coker,T.S. Eliot,1940,Modernist,Modernism,Reflective,Epideictic,Fragmented,Poetic,Extradiegetic,,Omniscient,,,Implied,,Both past and present,Nonlinear,Modernist Poetry,Lyric,Long Poem,Quatrains,Free verse,
The Song of Wandering Aengus,William Butler Yeats,1899,Romantic,Romanticism,Narrative,Epideictic,Descriptive,Expository,First person,External,First person,Speaker,Past,Implied,Aengus,Past,Linear,Modernist,Lyric,Narrative poetry,Quatrains,Iambic pentameter,AABB
Adam's Curse,William Butler Yeats,1904,Modernist,Modernism,Formal,Epideictic,Narrative,Expository,Third person,Extradiegetic,Omniscient,,Third person,General,,Past,Linear,British,Narrative,Lyric,Quatrains,Iambic pentameter,AABB
The Magi,William Butler Yeats,1914,Modernist,Modernism,Formal,Epideictic,Descriptive,Expository,Third person omniscient,Mimetic,External,,Third person,Implied,The Magi,Past,Linear,British,Narrative,Narrative poetry,Quatrains,Iambic pentameter,AABB
In Memory of Major Robert Gregory,William Butler Yeats,1919,Modernist,Modernism,Formal,Epideictic,Descriptive,Expository,Extradiegetic,,Third person omniscient,,,General,,Past,Chronological,British,Lyric,Elegy,Quatrains,Iambic pentameter,AABB
A Prayer for My Daughter,William Butler Yeats,1921,Modernist,Modernism,Formal,Epideictic,Monologue,Poetic,Extradiegetic,,First person (narrator),First person (narrator),,General,,Future,Linear,Modernist poetry,Lyric,Religious poetry,Quatrains,Iambic pentameter,ABAB
Byzantium,William Butler Yeats,1933,Modernist,Modernism,Mystical,Epideictic,Expository,Poetic,Extradiegetic,,Third person omniscient,,,General,,Future,Static,,Lyric,Lyric,Quatrains,Iambic pentameter,AABB
The Circus Animals' Desertion,William Butler Yeats,1939,Modernist,Modernism,Reflective,Epideictic,Narrative,Expository,Extradiegetic,Mimetic,Third person omniscient,,Second person,Imaginary,,Past,Linear,Modernist poetry,Lyric,,Quatrains,Iambic pentameter,AABB
Home Burial,Robert Frost,1914,Modernist,Modernism,Reflective,Epideictic,Descriptive,Expository,Extradiegetic,Mimetic,Third person omniscient,,Second person,Imaginary,The reader,Past,Linear,American,Lyric,Narrative Poem,Quatrains,Iambic tetrameter,AABB
The Death of the Hired Man,Robert Frost,1914,Modernist,Modernism,Narrative,Epideictic,Descriptive,Expository,Third Person,Mimetic,Omniscient,,Past,Implied,,Past,Linear,American,Narrative,Short Story,Quatrains,Iambic tetrameter,AABB
"Out, Out",Robert Frost,1916,Modernist,Modernism,Descriptive,Epideictic,Narrative,Expository,Extradiegetic,Mimetic,Third person,,External,General,,Past,Linear,American,Narrative,Poetry,Quatrains,Iambic tetrameter,AABB
The Oven Bird,Robert Frost,1916,Modernist,Modernism,Observational,Epideictic,Expository,Monologue,Third person,Mimetic,External,,Extradiegetic,Implied,,Present,Static,American,Lyric,Poetry,Quatrains,Iambic pentameter,AABB
Fire and Ice,Robert Frost,1920,Modernist,Modernism,Neutral,Epideictic,Two-part parallel structure,Descriptive,Extradiegetic,,Third person omniscient,,,General,,Timeless,Static,American,Lyric,Poetry,Quatrains,Iambic pentameter,AABB
Nothing Gold Can Stay,Robert Frost,1923,Modernist,Modernism,Reflective,Epideictic,Descriptive,Expository,Extradiegetic,,Third person,,General,Implied,Nature,Past,Sequential,American,Lyric,Poetry,Quatrains,Iambic tetrameter,AABB
Directive,Robert Frost,1947,Modernist,Modernism,Imperative,Deliberative,Monologue,Poetic,,Non-diegetic,First person,Speaker,Second person,Reader,,Present,Static,New England,Lyric,Instructions,Quatrains,Iambic tetrameter,AABB
Peter Quince at the Clavier,Wallace Stevens,1923,Modernist,Modernism,Meditative,Epideictic,Descriptive,Expository,Extradiegetic,Mimetic,Third person omniscient,,Extralocative,General,,Present,Static,Modernist poetry,Lyric,Descriptive poetry,Quatrains,Iambic pentameter,AABB
The Idea of Order at Key West,Wallace Stevens,1936,Modernist,Modernism,Meditative,Epideictic,Expository,Prose Poem,Extradiegetic,,Third person,,,Implied,,Present,Linear,Modernist Poetry,Lyric,Poetry,Quatrains,Free verse,AABB
The Man with the Blue Guitar,Wallace Stevens,1937,Modernist,Modernism,Imaginative,Epideictic,Expository,Poetic,Extradiegetic,,Third person omniscient,,,Implied,,Present,Static,Modernist Poetry,Lyric,Lyric,Free,Free verse,
Notes Toward a Supreme Fiction,Wallace Stevens,1942,Modernist,Modernism,Reflective,Epideictic,Fragmented,Poetic,Extradiegetic,,Omniscient,,,Implied,,Present,Linear,Modernist Poetry,Lyric,Philosophical Poetry,Irregular,Free verse,
The Auroras of Autumn,Wallace Stevens,1950,Modernist,Modernism,Meditative,Epideictic,Expository,Fictive,Extradiegetic,,Third person omniscient,,,Implied,,Present,Static,Modernist Poetry,Lyric,Descriptive Poetry,Quatrains,Free verse,A-B-A-B
Portrait of a Lady,William Carlos Williams,1920,Modernist,Modernism,Observational,Epideictic,Expository,Monologue,Third person,Mimetic,External,,Second person,Implied,,Present,Synchronous,Modernist Poetry,Lyric,,Free verse,Free verse,Free verse
To Elsie,William Carlos Williams,1923,Modernist,Modernism,Intimate,Deliberative,Monologue,Poetic,First person,Extradiegetic,First person internal,Speaker,Second person,Real,Elsie,Present,Synchronous,Modernist poetry,Lyric,Love poem,Free,Free verse,A-B-A-B
The Yachts,William Carlos Williams,1935,Modernist,Modernism,Observational,Epideictic,Paragraphic,Expository,Extradiegetic,Mimetic,Third person omniscient,,Extralocative,General,,Present,Synchronous,Modernist poetry,Lyric,Lyric,Free verse,Free verse,AABBCC
"Asphodel, That Greeny Flower",William Carlos Williams,1955,Modernist,Modernism,Observational,Epideictic,Paragraphic,Expository,Extradiegetic,Mimetic,External,Third person,Neutral,Implied,Asphodel flower,Present,Synchronous,Modernist Poetry,Lyric,Lyric,Free,Free verse,AbbaBbb
The Cantos I,Ezra Pound,1917,Modernist,Modernism,Formal,Epideictic,Fragmented,Poetic,Extradiegetic,,Omniscient,Third person,,Implied,,Historical,Nonlinear,Modernist Poetry,Lyric,Epic,Irregular,Irregular,
The Cantos XLV,Ezra Pound,1937,Modernist,Modernism,Formal,Epideictic,Fragmented,Poetic,Extradiegetic,,Omniscient,Third person,,Implied,,Historical,Nonlinear,Modernist Poetry,Lyric,Epic,Irregular,Free verse,
Homage to Sextus Propertius,Ezra Pound,1919,Modernist,Modernism,Formal,Epideictic,Analogical,Expository,Extradiegetic,,Third person,,,General,,Past,Linear,Classical,Narrative,Epigram,Quatrains,Iambic pentameter,AABB
Mauberley,Ezra Pound,1920,Modernist,Modernism,Formal,Epideictic,Fragmented,Poetic,Extradiegetic,,Omniscient,Third person,,Implied,,Past,Chronological,Modernist Poetry,Narrative,Epigram,Variable,Free verse,
Hermes of the Ways,H.D.,1916,Modernist,Modernism,Mystical,Epideictic,Descriptive,Expository,Extradiegetic,,Third person omniscient,,Second person,Reader,,Present,Linear,Classical,Lyric,Epigram,Quatrains,Iambic pentameter,AABB
Orchard,H.D.,1916,Modernist,Modernism,Descriptive,Epideictic,Cohesive,Expository,Extradiegetic,Mimetic,Third person omniscient,,Extralocative,Implied,Orchard,Present,Static,Modernist poetry,Lyric,Lyric,Free,Free verse,A-B-A-B
The Walls Do Not Fall,H.D.,1944,Modernist,Modernism,Imperative,Deliberative,Monologue,Expository,First person,Extradiegetic,First person internal,Speaker,Second person,Implied,Walls,Present,Linear,Modernist poetry,Lyric,Poetry,Free verse,Free verse,A-B-A-B
Tribute to the Angels,H.D.,1945,Modernist,Modernism,Reverential,Epideictic,Descriptive,Expository,Extradiegetic,,Third person omniscient,,,General,,Timeless,Static,Modernist Poetry,Lyric,Religious Poetry,Free,Free verse,
An Octopus,Marianne Moore,1924,Modernist,Modernism,Observational,Epideictic,Expository,Declarative,Extradiegetic,Mimetic,Third person,,Neutral,Implied,,Present,Synchronous,Modernist Poetry,Lyric,Poetry,Free,Free verse,AbbaBccB
The Steeple-Jack,Marianne Moore,1932,Modernist,Modernism,Observational,Epideictic,Paragraphic,Expository,Extradiegetic,Mimetic,Third person omniscient,,Extralocative,Implied,The steeple-jack,Present,Synchronous,Modernist poetry,Lyric,Poetry,Free,Free verse,A-B-A-B-C-C-A-B-A-B-C-C-A-B-A-B-C-C-A-B-A-B-C-C-A-B-A-B-C-C
The Pangolin,Marianne Moore,1936,Modernist,Modernism,Observational,Epideictic,Expository,Prose Poem,Extradiegetic,Mimetic,Third person,,Non-deictic,Implied,,Present,Synchronous,Modernist Poetry,Lyric,Poetry,Free,Free verse,A-B-A-B
What Are Years?,Marianne Moore,1941,Modernist,Modernism,Reflective,Epideictic,Descriptive,Expository,Extradiegetic,,Third person,,,General,,Reflective,Flashback,Modernist Poetry,Lyric,Descriptive Poetry,Quatrains,Iambic pentameter,AABB
The Weary Blues,Langston Hughes,1926,Jazz Age,Harlem Renaissance,Narrative,Epideictic,Free,Poetic,Third person,External,Omniscient,,External,Implied,,Present,Sequential,African American,Lyric,Poetry,Quatrains,Anapestic tetrameter,AABB
Theme for English B,Langston Hughes,1951,Postwar,Harlem Renaissance,Narrative,Epideictic,Paragraphic,Expository,Third person,Mimetic,Omniscient,,Anaphoric,General,,Present,Linear,African American,Narrative,Poetry,Quatrains,Iambic pentameter,AABB
Montage of a Dream Deferred,Langston Hughes,1951,Modernist,Harlem Renaissance,Colloquial,Epideictic,Montage,Narrative,Extradiegetic,,Omniscient,Third person,,Implied,,Present,Sequential,African American,Narrative,Poetry,Free,Irregular,A-B-A-B-C-C-A-B-A-B-C-C-A-B-A
The Negro Speaks of Rivers,Langston Hughes,1921,Modernist,Harlem Renaissance,Expressive,Epideictic,Descriptive,Poetic,,,,First person,External,Implied,Rivers,Present,Single moment,African American,Lyric,Poetry,Quatrains,Iambic pentameter,AABB
Sunday Morning,Hart Crane,1926,Modernist,Modernism,Meditative,Epideictic,Descriptive,Expository,Extradiegetic,,Third person omniscient,,Static,General,,Present,Linear,Modern American Poetry,Lyric,Descriptive Poetry,Free verse,Free verse,
The Bridge,Hart Crane,1930,Modernist,Modernism,Elevated,Epideictic,Cohesive,Expository,Extradiegetic,Mimetic,Omniscient,Third person,External,Implied,The bridge,Present,Linear,Modern American Poetry,Lyric,Narrative Poem,Free,Free verse,AbbaBbCcCcDdDdEeEe
Voyages,Hart Crane,1926,Modernist,Modernism,Elevated,Epideictic,Cohesive,Expository,Extradiegetic,,Omniscient,Third person,External,Implied,,Past,Linear,Modernist Poetry,Lyric,Descriptive Poetry,Free,Free verse,
anyone lived in a pretty how town,E.E. Cummings,1940,Modernist,Modernism,Playful,Epideictic,Fragmented,Poetic,,Non-diegetic,Omniscient,,Non-deictic,Implied,,Present,A-temporal,Modernist Poetry,Lyric,Descriptive Poetry,Free verse,Free verse,Free verse
i sing of Olaf,E.E. Cummings,1931,Modernist,Modernism,Playful,Epideictic,Fragmented,Poetic,,Non-diegetic,First person,Speaker,Subjective,Implied,,Present,A-temporal,Modernist poetry,Lyric,,Free form,Free verse,A-rhyming
somewhere i have never travelled,E.E. Cummings,1931,Modernist,Modernism,Intimate,Epideictic,Narrative,Poetic,First person,Internal,First person,First person singular,Subjective,Implied,,Present,Single moment,Modernist poetry,Lyric,Descriptive poetry,Free verse,Free verse,Free verse
The Quaker Graveyard in Nantucket,Robert Lowell,1946,Modernist,Modernism,Observational,Epideictic,Expository,Prose Poem,Extradiegetic,Mimetic,Third person omniscient,,External,Implied,The Quaker Graveyard in Nantucket,Past,Linear,American,Lyric,Poetry,Free verse,Free verse,AABBCC
Mr. Edwards and the Spider,Robert Lowell,1946,Modernist,Modernism,Observational,Epideictic,Expository,Narrative,Third person,Mimetic,External,Third person,Extradiegetic,Implied,Mr. Edwards,Present,Synchronous,Modernist poetry,Narrative,Short story,Quatrains,Iambic pentameter,AABB
Commander Lowell,Robert Lowell,1959,Postwar,Modernism,Formal,Epideictic,Monologue,Expository,Third person,Realistic,Omniscient,,Second person,Imaginary,,Present,Linear,Modern American Poetry,Narrative,Lyric Poem,Quatrains,Iambic pentameter,AABB
Dolphin,Robert Lowell,1973,Contemporary,Confessionalism,Confessional,Epideictic,Narrative,Poetic,First person,Mimetic,First person,First person singular,First person,Implied,Dolphin,Present,Single moment,Modernist,Lyric,Narrative poetry,Free verse,Free verse,Free verse
The Map,Elizabeth Bishop,1946,Modernist,Modernism,Observational,Epideictic,Expository,Narrative,Extradiegetic,Mimetic,Third person omniscient,,Extralocative,Implied,The map,Present,Static,Modernist poetry,Lyric,Lyric,Quatrains,Free verse,AABB
The Man-Moth,Elizabeth Bishop,1946,Modernist,Modernism,Observational,Epideictic,Expository,Factual,Extradiegetic,Mimetic,Third person,,Second person,Implied,,Present,Synchronous,Modernist Poetry,Lyric,Lyric,Free verse,Free verse,AABBCC
At the Fishhouses,Elizabeth Bishop,1955,Modernist,Modernism,Observational,Epideictic,Expository,Narrative,Extradiegetic,Mimetic,Third person omniscient,,External,Implied,,Present,Synchronous,Modernist poetry,Lyric,Lyric,Quatrains,Free verse,AABB
Questions of Travel,Elizabeth Bishop,1965,Modernist,Modernism,Reflective,Epideictic,Monologue,Expository,First person,Extradiegetic,First person internal,Speaker,Second person,Implied,The world,Present,Sequential,Modernist poetry,Lyric,Poetry,Quatrains,Iambic pentameter,AABB
The End of March,Elizabeth Bishop,1976,Contemporary,,Meditative,Epideictic,,Expository,,Mimetic,Third person,,External,Implied,,Present,Sequential,Modernist,Lyric,Poetry,Quatrains,Free verse,AABB
Poem,Elizabeth Bishop,1976,Contemporary,,Meditative,Epideictic,,,,,,,,,,,,,Lyric,,,Free verse,
The Colossus,Sylvia Plath,1960,Postwar,Modernism,Imagistic,Epideictic,Monologue,Expository,First person,Non-diegetic,Internal,First person singular,Subjective,Implied,The Colossus,Present,Static,Modernist poetry,Lyric,Lyric,Free verse,Free verse,A-B-A-B-C-C-B-A
The Bee Meeting,Sylvia Plath,1962,Modernist,Modernism,Observational,Epideictic,Paragraphic,Expository,Extradiegetic,Mimetic,Third person,,First person,Implied,The bees,Present,Synchronous,Modernist poetry,Lyric,,Quatrains,Free verse,AABB
Fever 103,Sylvia Plath,1965,Modernist,Modernism,Introspective,Epideictic,Monologue,First person,Internal,Non-diegetic,First person,First person singular,Subjective,Implied,Self,Present,Sequential,Modernist poetry,Lyric,Free verse,Fixed,No consistent meter,No consistent rhyme
Nick and the Candlestick,Sylvia Plath,1965,Postwar,,Fantastical,Epideictic,Linear,Expository,Third person,Realistic,Omniscient,,Static,General,,Past,Chronological,Modernist,Narrative,Short story,Quatrains,Iambic pentameter,AABB
Elm,Sylvia Plath,1965,Postwar,Modernism,Melancholic,Epideictic,Expository,Monologue,First person,Non-diegetic,Internal,First person singular,Subjective,Implied,Elm tree,Present,Static,Modernist poetry,Lyric,Poetry,Free,Free verse,A-B-A-B-C-C-A-B-A-B-C-C-A-B-A
The Abortion,Anne Sexton,1962,Modernist,Modernism,Direct,Epideictic,Monologue,Poetic Monologue,First person,Non-diegetic,First person,Speaker,Second person,Imaginary,Unborn child,Present,Single moment,Confessional Poetry,Lyric,Narrative Poetry,Free verse,Free verse,No rhyme scheme
With Mercy for the Greedy,Anne Sexton,1962,Modernist,Modernism,Confessional,Epideictic,Monologue,Poetic,First person,Non-diegetic,First person internal,Speaker,First person,Implied,Self,Present,Single moment,Confessional poetry,Lyric,Poetry,Free verse,Free verse,A-B-A-B
Unknown Girl in the Maternity Ward,Anne Sexton,1960,Modernist,Modernism,Observational,Epideictic,Expository,Narrative,Third person,Mimetic,External,,Extradiegetic,General,,Present,Synchronous,Modernist poetry,Lyric,Lyric,Free verse,Free verse,AABBCC
The Starry Night,Anne Sexton,1961,Modernist,Modernism,Descriptive,Epideictic,Cohesive,Expository,Third person,Mimetic,External,,Extradiegetic,Indirect,The night sky,Present,Static,Modernist poetry,Lyric,Lyric,Free,Free verse,A-B-A-B-C-C-A-B-A-B-C-C-A-B-A-B-C-C-A-B-A-B-C-C-A-B-A-B-C-C
Dream Song 1,John Berryman,1964,Modernist,Modernism,Confessional,Epideictic,Fragmented,Monologue,First person,Non-diegetic,First person internal,Speaker,Subjective,Implied,Nan,Present,Chronological,Modern American Poetry,Narrative,Lyric,Irregular,Free verse,A-B-A-B-C-C-A-B-A-B-C-C-A-B-A-B-C-C-A-B-A-B-C-C
Dream Song 14,John Berryman,1964,Modernist,Modernism,Confessional,Epideictic,Fragmented,Monologue,First person,Non-diegetic,First person internal,Speaker,Subjective,Implied,,Present,Linear,Modern American Poetry,Narrative,Lyric,Irregular,Free verse,A-B-A-B-C-C-A-B-A-B-C-C-A-B-A-B-C-C-A-B-A-B-C-C-A-B-A-B-C-C
Dream Song 29,John Berryman,1964,Modernist,Modernism,Personal,Epideictic,Narrative,Monologue,First person,Fictional,First person internal,First person singular,Subjective,Implied,Self,Past,Sequential,Modernist poetry,Narrative,Lyric,Free,Free verse,A-B-A-B-C-C-A-B-A-B-C-C-A-B-A-B
A Supermarket in California,Allen Ginsberg,1956,Postwar,Beat,Observational,Epideictic,Expository,Monologue,Extradiegetic,Mimetic,Omniscient,First person singular,Exophoric,Implied,Supermarket,Present,Synchronous,Modernist,Lyric,Poetry,Free,Free verse,A-B-A-B-C-C-A-B-A-B-C-C-A-B-A-B-C-C
Sunflower Sutra,Allen Ginsberg,1956,Postwar,Beat,Confessional,Epideictic,Monologue,Poetic,First person,Non-diegetic,First person,Speaker,Second person,Imaginary,Sunflower,Present,Linear,Modernist,Lyric,Narrative poetry,Free verse,Free verse,A-B-A-B
Wales Visitation,Allen Ginsberg,1967,Postwar,Beat Generation,Confessional,Epideictic,Monologue,Poetic,First person,Non-diegetic,First person internal,First person singular,Subjective,Implied,,Present,Chronological,Modernist,Lyric,Free verse,Irregular,Free verse,A-B-A-B-C-C-B-A
The Chicago Defender Sends a Man to Little Rock,Gwendolyn Brooks,1960,Postwar,Black Arts Movement,Observational,Deliberative,Descriptive,Expository,Third person,Mimetic,External,,Extradiegetic,General,,Present,Synchronous,Modernist,Narrative,Poetry,Quatrains,Iambic pentameter,AABB
The Lovers of the Poor,Gwendolyn Brooks,1960,Postwar,Black Arts Movement,Observational,Epideictic,Paragraphic,Expository,Third person,Realistic,Omniscient,,Extradiegetic,General,,Present,Synchronous,Modernist,Narrative,Short Story,Quatrains,Free verse,AABB
The Blackstone Rangers,Gwendolyn Brooks,1968,Contemporary,Black Arts Movement,Observational,Epideictic,Paragraphic,Expository,Third person,Mimetic,Omniscient,,Extradiegetic,General,,Present,Chronological,Modernist,Narrative,Short story,Quatrains,Iambic pentameter,AABB
The Heavy Bear,Delmore Schwartz,1938,Modernist,Modernism,Meditative,Epideictic,Descriptive,Expository,Extradiegetic,Mimetic,Third person omniscient,,Anaphoric,General,,Present,Static,Modernist poetry,Lyric,,Quatrains,Iambic pentameter,AABB
"In the Naked Bed, in Plato's Cave",Delmore Schwartz,1938,Modernist,Modernism,Meditative,Epideictic,,,,,,,,,,,,,Lyric,,,Free verse,
Design,Robert Penn Warren,1960,Postwar,,Meditative,Epideictic,,,,,,,,,,,,Modernist,Lyric,,Quatrains,Iambic pentameter,AABB
Audubon,Robert Penn Warren,1969,Contemporary,,Descriptive,Epideictic,,Expository,Extradiegetic,Mimetic,Third person,,Extralocative,General,The natural world,Present,Static,Modernist,Lyric,Poetry,Quatrains,Iambic pentameter,AABB
Storm Warnings,Adrienne Rich,1951,Modernist,Modernism,Observational,Epideictic,Expository,Monologue,Extradiegetic,Mimetic,Third person,,Extralocative,Implied,Natural world,Present,Sequential,Modernist Poetry,Lyric,Lyric,Quatrains,Iambic pentameter,AABB
Snapshots of a Daughter-in-Law,Adrienne Rich,1963,Modernist,Modernism,Observational,Epideictic,Fragmented,Expository,Extradiegetic,,Third person,,,General,,Present,Linear,Modernist Poetry,Lyric,Lyric,Quatrains,Free verse,AABB
Orion,Adrienne Rich,1969,Contemporary,Feminist poetry,Meditative,Epideictic,Expository,Narrative,Extradiegetic,Mimetic,Third person,,Extralocative,Implied,Orion,Past,Sequential,Modernist poetry,Lyric,Narrative poetry,Quatrains,Iambic pentameter,AABB
Twenty-One Love Poems,Adrienne Rich,1976,Postwar,,,,,,,,,,,,,,,,Lyric,,,,
The Black Walnut Tree,Mary Oliver,1979,Contemporary,,Observational,Epideictic,,Expository,,Mimetic,Third person,,Extradiegetic,General,The Black Walnut Tree,Present,Static,Modernist,Lyric,Poetry,Quatrains,Iambic pentameter,AABB
The Ponds,Mary Oliver,1990,Contemporary,,Meditative,Epideictic,,,,,,,,,,,,,Lyric,,,Free verse,
At Blackwater Pond,Mary Oliver,1983,Contemporary,,Meditative,Epideictic,,,,,,,,,,Present,,,Lyric,,,Free verse,
The Moths,Mary Oliver,1992,Contemporary,,Meditative,Epideictic,,Expository,,,,,,,,Present,,,Lyric,,,Free verse,
Geometry,Rita Dove,1980,Contemporary,,Meditative,Epideictic,,,,,,,,,,,,,Lyric,,,Free verse,
AdolescenceI,Rita Dove,1980,Contemporary,,Melancholic,Epideictic,,,,,,,,,,nanostic,,Modernist,Lyric,,Quatrains,Iambic pentameter,AABB
Dusting,Rita Dove,1986,Contemporary,,Matter-of-fact,Epideictic,Expository,Narrative,Third person,Mimetic,External,,Extradiegetic,Implied,,Present,Synchronous,Modernist,Lyric,Poetry,Quatrains,Iambic pentameter,AABB
Thomas and Beulah,Rita Dove,1986,Contemporary,,Meditative,Epideictic,,,,,,,,,,,,,Narrative,,Quatrains,Iambic pentameter,AABB
On the Pulse of Morning,Maya Angelou,1993,Contemporary,,Majestic,Epideictic,,,,,,,,,,Future,,African American,Lyric,,Quatrains,Iambic pentameter,AABB
Weekend Glory,Maya Angelou,1978,Contemporary,,Celebratory,Epideictic,,,,,,,,,,Present,,African American,Lyric,,Quatrains,Iambic pentameter,AABB
Marginalia,Billy Collins,1998,Contemporary,,Reflective,Epideictic,,,,,,,,,,,,,Lyric,,,Free verse,
The History Teacher,Billy Collins,1991,Contemporary,,Observational,Epideictic,Expository,Monologue,,Non-diegetic,Third person omniscient,,Extradiegetic,Implied,,Present,Synchronous,Modernist,Lyric,Poetry,Quatrains,Iambic pentameter,AABB
Litany,Billy Collins,2002,Contemporary,,Meditative,Epideictic,,,,,,,,,,,,Modernist,Lyric,Religious,Quatrains,Iambic pentameter,AABB
Muse,Louise Glck,1992,Contemporary,,Reflective,Epideictic,,Expository,,,First person,Speaker,Extradiegetic,Implied,,Past,Flashback,Modernist,Lyric,,Quatrains,Free verse,AABB
Mock Orange,Louise Glck,1985,Contemporary,,Meditative,Epideictic,,,,,,,,,,,,,Lyric,,,Free verse,
The Wild Iris,Louise Glck,1992,Contemporary,,Observant,Epideictic,,,,,,,,,,Present,,Modernist,Lyric,Poetry,,Free verse,
Litany in Which Certain Things Are Crossed Out,Richard Siken,2005,Contemporary,,Meditative,Epideictic,,,,,,,,,,,,,Lyric,,,Free verse,
Scheherazade,Richard Siken,2005,Contemporary,,Meditative,Epideictic,,,,,,,,,,,,,Lyric,,,Free verse,
Self-Portrait at 28,David Berman,1999,Contemporary,,Introspective,Epideictic,,,,,First person,Singular,First person,Implied,,Present,,,Lyric,,Quatrains,Iambic pentameter,AABB
Snow,David Berman,1999,Contemporary,,Meditative,Epideictic,,,,,,,,,,Present,,,Lyric,,,Free verse,
